smartphone_brand,model,price_inr,rating_score,processor_name,processor_brand,core_count,clock_speed_ghz,ram_gb,storage_gb,has_5g,has_nfc,has_ir_blaster,display_inches,res_width_px,res_height_px,refresh_rate_hz,battery_mah,fast_charging,charging_watt,rear_camera_count,front_camera_count,rear_camera_main_mp,front_camera_main_mp,os_name,memory_card_supported,memory_card_type,expansion_slot,resolution_anomaly,ppi,aspect_ratio,price_tier,log_price,value_ratio,screen_category,is_high_refresh
blackzone,BlackZone S25 Ultra Maxx,8999,63,unisoc sc9863a1,unisoc,8,1.6,8,128,False,False,False,6.6,720,1612,60,5000,False,10.0,1,1,32.0,16.0,android,False,none,none,False,267.5,2.24,Budget (<10k),9.104868739033948,7.0,"Standard (5.0""-7.0"")",False
ringme,Ringme Bold P70,5800,44,mediatek helio,mediatek,2,1.3,4,128,False,False,False,6.3,128,160,60,3260,False,10.0,1,0,13.0,0.0,android,False,none,none,True,32.5,1.25,Budget (<10k),8.66561319653451,7.59,"Standard (5.0""-7.0"")",False
lava,Lava Shark 5G (4GB RAM + 128GB),8998,60,unisoc t765,unisoc,8,2.3,4,128,True,False,False,6.75,720,1600,90,5000,True,10.0,1,1,13.0,5.0,android,True,dedicated,dedicated,False,259.9,2.22,Budget (<10k),9.104757609401117,6.67,"Standard (5.0""-7.0"")",False
vivo,Vivo Y19s 5G (4GB RAM + 128GB),11999,69,mediatek dimensity 6300,mediatek,8,2.4,4,128,True,False,False,6.74,720,1600,90,6000,True,15.0,2,1,13.0,5.0,android,True,dedicated,dedicated,False,260.3,2.22,Lower-Mid (10k-20k),9.392578591964389,5.75,"Standard (5.0""-7.0"")",False
vivo,Vivo Y19s 5G (4GB RAM + 64GB),10999,68,mediatek dimensity 6300,mediatek,8,2.4,4,64,True,False,False,6.74,720,1600,90,6000,True,15.0,2,1,13.0,5.0,android,True,dedicated,dedicated,False,260.3,2.22,Lower-Mid (10k-20k),9.305559638557117,6.18,"Standard (5.0""-7.0"")",False
vivo,Vivo Y19s 5G,13499,71,mediatek dimensity 6300,mediatek,8,2.4,6,128,True,False,False,6.74,720,1600,90,6000,True,15.0,2,1,13.0,5.0,android,True,dedicated,dedicated,False,260.3,2.22,Lower-Mid (10k-20k),9.510370887608827,5.26,"Standard (5.0""-7.0"")",False
nothing,Nothing Phone 3a Lite (8GB RAM + 256GB),20999,84,mediatek dimensity 7300 pro,mediatek,8,2.5,8,256,True,True,False,6.77,1080,2392,120,5000,True,33.0,2,1,50.0,16.0,android,True,hybrid,hybrid,False,387.7,2.21,Mid-Range (20k-35k),9.952230096524119,4.0,"Standard (5.0""-7.0"")",True
motorola,Motorola Moto G67 Power 5G,15999,80,snapdragon 7s gen2,snapdragon,8,2.4,8,128,True,False,False,6.7,1080,2400,120,7000,True,30.0,2,1,50.0,32.0,android,True,hybrid,hybrid,False,392.8,2.22,Lower-Mid (10k-20k),9.680281499268713,5.0,"Standard (5.0""-7.0"")",True
peace,Peace Honor 30,5599,38,mediatek helio,mediatek,1,1.3,3,32,False,False,False,4.5,412,960,60,3000,False,10.0,1,0,8.0,0.0,android,False,none,none,False,232.1,2.33,Budget (<10k),8.630343289348893,6.79,"Ultra-Compact (<5.0"")",False
ulefone,Ulefone Armor 29 Pro 5G,86500,96,mediatek dimensity 7400,mediatek,8,2.6,16,512,True,True,True,6.67,1080,2400,120,21200,True,120.0,3,1,64.0,50.0,android,True,dedicated,dedicated,False,394.6,2.22,Premium (>=60k),11.36789969291997,1.11,"Standard (5.0""-7.0"")",True
lava,Lava Shark 2,6999,67,unisoc t2750,unisoc,8,1.8,4,64,False,False,False,6.75,720,1612,120,5000,True,18.0,1,1,50.0,8.0,android,True,dedicated,dedicated,False,261.6,2.24,Budget (<10k),8.85352256068954,9.57,"Standard (5.0""-7.0"")",True
peace,Peace Mini 6,4490,37,mediatek helio,mediatek,1,1.3,3,32,False,False,False,3.75,412,960,60,2000,False,10.0,1,0,8.0,0.0,android,False,none,none,False,278.6,2.33,Budget (<10k),8.4096079807363,8.24,"Ultra-Compact (<5.0"")",False
peace,Peace Mini 5,4040,37,mediatek helio,mediatek,1,1.3,3,32,False,False,False,3.75,412,960,60,2000,False,10.0,1,0,8.0,0.0,android,False,none,none,False,278.6,2.33,Budget (<10k),8.303999970955196,9.16,"Ultra-Compact (<5.0"")",False
peace,Peace Mini 4,4649,40,mediatek helio,mediatek,1,1.3,3,32,False,False,False,3.75,412,960,60,2000,False,10.0,1,0,8.0,0.0,android,False,none,none,False,278.6,2.33,Budget (<10k),8.444407421690585,8.6,"Ultra-Compact (<5.0"")",False
nothing,Nothing Phone 3a Lite,19999,83,mediatek dimensity 7300 pro,mediatek,8,2.5,8,128,True,True,False,6.77,1080,2392,120,5000,True,33.0,2,1,50.0,16.0,android,True,hybrid,hybrid,False,387.7,2.21,Lower-Mid (10k-20k),9.903437551286085,4.15,"Standard (5.0""-7.0"")",True
samsung,Samsung Galaxy M17 5G (8GB RAM + 128GB),15499,80,exynos 1330,exynos,8,2.4,8,128,True,True,False,6.7,1080,2340,90,5000,True,25.0,3,1,50.0,13.0,android,True,hybrid,hybrid,False,384.7,2.17,Lower-Mid (10k-20k),9.648530784697051,5.16,"Standard (5.0""-7.0"")",False
samsung,Samsung Galaxy M17 5G (6GB RAM + 128GB),13999,79,exynos 1330,exynos,8,2.4,6,128,True,True,False,6.7,1080,2340,90,5000,True,25.0,3,1,50.0,13.0,android,True,hybrid,hybrid,False,384.7,2.17,Lower-Mid (10k-20k),9.546741177474825,5.64,"Standard (5.0""-7.0"")",False
blackzone,BlackZone F29 Pro,7500,62,mediatek helio,mediatek,8,1.0,8,128,False,False,False,6.74,1600,720,120,5000,False,10.0,1,1,40.0,20.0,android,False,none,none,False,260.3,0.45,Budget (<10k),8.922658299524402,8.27,"Standard (5.0""-7.0"")",True
itel,itel A90 Limited,6099,57,unisoc t7100,unisoc,8,1.8,3,64,False,False,False,6.6,720,1612,90,5000,True,15.0,1,1,13.0,5.0,android,True,dedicated,dedicated,False,267.5,2.24,Budget (<10k),8.715880102296456,9.35,"Standard (5.0""-7.0"")",False
vivo,Vivo V60e (12GB RAM + 256GB),33999,87,mediatek dimensity 7360 turbo,mediatek,8,2.5,12,256,True,True,True,6.77,1080,2392,120,6500,True,90.0,2,1,200.0,50.0,android,False,none,none,False,387.7,2.21,Mid-Range (20k-35k),10.434086391401058,2.56,"Standard (5.0""-7.0"")",True
motorola,Motorola Moto G35 5G (8GB RAM + 128GB),12199,81,unisoc t760,unisoc,8,2.2,8,128,True,False,False,6.72,1080,2400,120,5000,True,18.0,2,1,50.0,16.0,android,True,hybrid,hybrid,False,391.6,2.22,Lower-Mid (10k-20k),9.409109260148737,6.64,"Standard (5.0""-7.0"")",True
motorola,Motorola Moto G06 Power,7895,68,mediatek helio g81,mediatek,8,2.0,4,64,False,False,False,6.88,720,1640,120,7000,False,18.0,1,1,50.0,8.0,android,True,hybrid,hybrid,False,260.3,2.28,Budget (<10k),8.973984926689743,8.61,"Standard (5.0""-7.0"")",True
vivo,Vivo V60e (8GB RAM + 256GB),31999,86,mediatek dimensity 7360 turbo,mediatek,8,2.5,8,256,True,True,True,6.77,1080,2392,120,6500,True,90.0,2,1,200.0,50.0,android,False,none,none,False,387.7,2.21,Mid-Range (20k-35k),10.373459931293572,2.69,"Standard (5.0""-7.0"")",True
realme,Realme 15x 5G (8GB RAM + 128GB),17999,80,mediatek dimensity 6300,mediatek,8,2.4,8,128,True,False,False,6.81,720,1570,144,7000,True,60.0,2,1,50.0,50.0,android,True,hybrid,hybrid,False,253.6,2.18,Lower-Mid (10k-20k),9.798071479779479,4.44,"Standard (5.0""-7.0"")",True
realme,Realme 15x 5G (8GB RAM + 256GB),19999,81,mediatek dimensity 6300,mediatek,8,2.4,8,256,True,False,False,6.81,720,1570,144,7000,True,60.0,2,1,50.0,50.0,android,True,hybrid,hybrid,False,253.6,2.18,Lower-Mid (10k-20k),9.903437551286085,4.05,"Standard (5.0""-7.0"")",True
realme,Realme 15 Pro Game of Thrones Limited Edition,44999,87,snapdragon 7 gen4,snapdragon,8,2.8,12,512,True,False,False,6.8,1280,2800,144,7000,True,80.0,2,1,50.0,50.0,android,False,none,none,False,452.8,2.19,Upper-Mid (35k-60k),10.714395546283317,1.93,"Standard (5.0""-7.0"")",True
lava,Lava Bold N1 Lite,5698,57,unisoc t765,unisoc,8,1.6,3,64,False,False,False,6.75,720,1600,90,5000,True,10.0,1,1,13.0,5.0,android,True,dedicated,dedicated,False,259.9,2.22,Budget (<10k),8.647870515057853,10.0,"Standard (5.0""-7.0"")",False
oppo,Oppo Reno 14 5G Diwali Edition,39999,87,mediatek dimensity 8350,mediatek,8,3.35,8,256,True,False,True,6.59,1256,2760,120,6000,True,80.0,3,1,50.0,50.0,android,False,none,none,False,460.1,2.2,Upper-Mid (35k-60k),10.596609732783568,2.18,"Standard (5.0""-7.0"")",True
poco,Poco M7 Plus 5G (4GB RAM + 128GB),11299,74,snapdragon 6s gen3,snapdragon,8,2.3,4,128,True,False,True,6.9,1080,2340,144,7000,True,33.0,1,1,50.0,8.0,android,True,hybrid,hybrid,False,373.5,2.17,Lower-Mid (10k-20k),9.332469505209247,6.55,"Standard (5.0""-7.0"")",True
realme,Realme P3 Lite 5G (6GB RAM+ 128GB),11499,75,mediatek dimensity 6300,mediatek,8,2.4,6,128,True,True,False,6.67,720,1604,120,6000,True,45.0,1,1,32.0,8.0,android,True,hybrid,hybrid,False,263.6,2.23,Lower-Mid (10k-20k),9.350015354048665,6.52,"Standard (5.0""-7.0"")",True
samsung,Samsung Galaxy F07,6799,69,mediatek helio g99,mediatek,8,2.2,4,64,False,False,False,6.7,720,1600,90,5000,True,25.0,2,1,50.0,8.0,android,True,dedicated,dedicated,False,261.9,2.22,Budget (<10k),8.82453082152646,10.15,"Standard (5.0""-7.0"")",False
tecno,Tecno Pova Curve 5G (8GB RAM + 256GB),19999,80,mediatek dimensity 7300 ultimate,mediatek,8,2.5,8,256,True,True,True,6.78,1080,2436,144,5500,True,45.0,1,1,64.0,13.0,android,False,none,none,False,393.0,2.26,Lower-Mid (10k-20k),9.903437551286085,4.0,"Standard (5.0""-7.0"")",True
oppo,Oppo F31 5G (8GB RAM + 256GB),25999,78,mediatek dimensity 6300,mediatek,8,2.4,8,256,True,False,True,6.57,1080,2412,120,7000,True,80.0,2,1,50.0,16.0,android,False,none,none,False,402.2,2.23,Mid-Range (20k-35k),10.165813354725493,3.0,"Standard (5.0""-7.0"")",True
lava,Lava Yuva Smart 2,6309,56,unisoc 98663a,unisoc,8,1.6,3,64,False,False,False,6.75,720,1600,90,5000,True,10.0,1,1,13.0,5.0,android,True,dedicated,dedicated,False,259.9,2.22,Budget (<10k),8.74973246437081,8.88,"Standard (5.0""-7.0"")",False
vivo,Vivo Y31 5G (6GB RAM + 128GB),16169,64,mediatek dimensity 6300,mediatek,8,2.2,6,128,True,False,False,6.68,720,1620,120,6500,True,44.0,2,1,50.0,8.0,android,False,none,none,False,265.4,2.25,Lower-Mid (10k-20k),9.690851107739814,3.96,"Standard (5.0""-7.0"")",True
vivo,Vivo Y31 Pro 5G (8GB RAM + 256GB),20579,68,mediatek dimensity 7300,mediatek,8,2.5,8,256,True,False,True,6.72,1080,2408,120,6500,True,44.0,2,1,50.0,8.0,android,False,none,none,False,392.7,2.23,Mid-Range (20k-35k),9.932026417342549,3.3,"Standard (5.0""-7.0"")",True
vivo,Vivo Y31 Pro 5G,18619,68,mediatek dimensity 7300,mediatek,8,2.5,8,128,True,False,True,6.72,1080,2408,120,6500,True,44.0,2,1,50.0,8.0,android,False,none,none,False,392.7,2.23,Lower-Mid (10k-20k),9.831937843696052,3.65,"Standard (5.0""-7.0"")",True
lava,Lava Bold N1 5G (4GB RAM + 128GB),7499,68,unisoc t765,unisoc,8,2.3,4,128,True,False,False,6.75,720,1600,90,5000,True,10.0,1,1,13.0,5.0,android,True,dedicated,dedicated,False,259.9,2.22,Budget (<10k),8.92252495730139,9.07,"Standard (5.0""-7.0"")",False
hmd,HMD Vibe 5G,8999,61,unisoc t760,unisoc,8,2.2,4,128,True,False,False,6.67,720,1604,90,5000,True,18.0,2,1,50.0,8.0,android,False,none,none,False,263.6,2.23,Budget (<10k),9.104868739033948,6.78,"Standard (5.0""-7.0"")",False
realme,Realme P3 Lite 5G,10499,72,mediatek dimensity 6300,mediatek,8,2.4,4,128,True,True,False,6.67,720,1604,120,6000,True,45.0,1,1,32.0,8.0,android,True,hybrid,hybrid,False,263.6,2.23,Lower-Mid (10k-20k),9.259035293514941,6.86,"Standard (5.0""-7.0"")",True
samsung,Samsung Galaxy F17 5G (6GB RAM + 128GB),14900,79,exynos 1330,exynos,8,2.4,6,128,True,True,False,6.7,1080,2340,90,5000,True,25.0,3,1,50.0,13.0,android,True,hybrid,hybrid,False,384.7,2.17,Lower-Mid (10k-20k),9.60911649193355,5.3,"Standard (5.0""-7.0"")",False
apple,Apple iPhone Air (1TB),159900,78,apple a19 pro,apple,6,4.26,8,1024,True,True,False,6.5,1260,2736,120,3149,True,27.0,1,1,48.0,18.0,ios,False,none,none,False,463.4,2.17,Premium (>=60k),11.982303898822046,0.49,"Standard (5.0""-7.0"")",True
apple,Apple iPhone Air (512GB),139900,78,apple a19 pro,apple,6,4.26,8,512,True,True,False,6.5,1260,2736,120,3149,True,27.0,1,1,48.0,18.0,ios,False,none,none,False,463.4,2.17,Premium (>=60k),11.848683160653573,0.56,"Standard (5.0""-7.0"")",True
apple,Apple iPhone 17 Pro (1TB),174900,83,apple a19 pro,apple,6,4.26,12,1024,True,True,False,6.3,1206,2622,120,3988,True,27.0,3,1,48.0,18.0,ios,False,none,none,False,458.1,2.17,Premium (>=60k),12.071969661006694,0.47,"Standard (5.0""-7.0"")",True
apple,Apple iPhone 17 Pro (512GB),154900,83,apple a19 pro,apple,6,4.26,12,512,True,True,False,6.3,1206,2622,120,3988,True,27.0,3,1,48.0,18.0,ios,False,none,none,False,458.1,2.17,Premium (>=60k),11.95053502640496,0.54,"Standard (5.0""-7.0"")",True
apple,Apple iPhone 17 Pro Max (2TB),229900,84,apple a19 pro,apple,6,4.26,12,2048,True,True,False,6.9,1320,2868,120,4832,True,27.0,3,1,48.0,18.0,ios,False,none,none,False,457.6,2.17,Premium (>=60k),12.345399710751273,0.37,"Standard (5.0""-7.0"")",True
apple,Apple iPhone 17 Pro Max (1TB),189900,83,apple a19 pro,apple,6,4.26,12,1024,True,True,False,6.9,1320,2868,120,4832,True,27.0,3,1,48.0,18.0,ios,False,none,none,False,457.6,2.17,Premium (>=60k),12.154252896800378,0.44,"Standard (5.0""-7.0"")",True
apple,Apple iPhone 17 Pro Max (512GB),169900,83,apple a19 pro,apple,6,4.26,12,512,True,True,False,6.9,1320,2868,120,4832,True,27.0,3,1,48.0,18.0,ios,False,none,none,False,457.6,2.17,Premium (>=60k),12.042965307660024,0.49,"Standard (5.0""-7.0"")",True
apple,Apple iPhone 17 (512GB),102900,79,apple a19,apple,6,4.26,8,512,True,True,False,6.3,1206,2622,120,3692,True,20.0,2,1,48.0,18.0,ios,False,none,none,False,458.1,2.17,Premium (>=60k),11.541512921822141,0.77,"Standard (5.0""-7.0"")",True
oppo,Oppo F31 Pro 5G (12GB RAM + 256GB),30999,82,mediatek dimensity 7300 energy,mediatek,8,2.5,12,256,True,False,False,6.57,1080,2372,120,7000,True,80.0,2,1,50.0,32.0,android,False,none,none,False,396.7,2.2,Mid-Range (20k-35k),10.341710224882465,2.65,"Standard (5.0""-7.0"")",True
oppo,Oppo F31 Pro 5G (8GB RAM + 256GB),28999,81,mediatek dimensity 7300 energy,mediatek,8,2.5,8,256,True,False,False,6.57,1080,2372,120,7000,True,80.0,2,1,50.0,32.0,android,False,none,none,False,396.7,2.2,Mid-Range (20k-35k),10.275016625615446,2.79,"Standard (5.0""-7.0"")",True
oppo,Oppo F31 Pro Plus 5G (12GB RAM + 256GB),34999,83,snapdragon 7 gen3,snapdragon,8,2.63,12,256,True,False,False,6.8,1280,2800,120,7000,True,80.0,2,1,50.0,32.0,android,False,none,none,False,452.8,2.19,Mid-Range (20k-35k),10.463074768634808,2.37,"Standard (5.0""-7.0"")",True
samsung,Samsung Galaxy F36 5G (8GB RAM + 256GB),21999,83,exynos 1380,exynos,8,2.4,8,256,True,True,False,6.7,1080,2340,120,5000,True,25.0,3,1,50.0,13.0,android,True,hybrid,hybrid,False,384.7,2.17,Mid-Range (20k-35k),9.998752276761909,3.77,"Standard (5.0""-7.0"")",True
samsung,Samsung Galaxy S25 FE (8GB RAM + 512GB),77999,87,exynos 2400,exynos,10,3.2,8,512,True,True,False,6.7,1080,2340,120,4900,True,45.0,3,1,50.0,12.0,android,False,none,none,False,384.7,2.17,Premium (>=60k),11.264451285076724,1.12,"Standard (5.0""-7.0"")",True
samsung,Samsung Galaxy S25 FE (8GB RAM + 256GB),65999,86,exynos 2400,exynos,10,3.2,8,256,True,True,False,6.7,1080,2340,120,4900,True,45.0,3,1,50.0,12.0,android,False,none,none,False,384.7,2.17,Premium (>=60k),11.097394869378626,1.3,"Standard (5.0""-7.0"")",True
samsung,Samsung Galaxy S24 5G (Snapdragon +256GB),46999,87,snapdragon 8 gen3,snapdragon,8,3.3,8,256,True,True,False,6.2,1080,2340,120,4000,True,25.0,3,1,50.0,12.0,android,False,none,none,False,415.7,2.17,Upper-Mid (35k-60k),10.757881603870102,1.85,"Standard (5.0""-7.0"")",True
samsung,Samsung Galaxy S24 5G (Snapdragon),42975,86,snapdragon 8 gen3,snapdragon,8,3.3,8,256,True,True,False,6.2,1080,2340,120,4000,True,25.0,3,1,50.0,12.0,android,False,none,none,False,415.7,2.17,Upper-Mid (35k-60k),10.66837383025105,2.0,"Standard (5.0""-7.0"")",True
lava,Lava Bold N1 5G,6999,67,unisoc t765,unisoc,8,2.3,4,64,True,False,False,6.75,720,1600,90,5000,True,10.0,1,1,13.0,5.0,android,True,dedicated,dedicated,False,259.9,2.22,Budget (<10k),8.85352256068954,9.57,"Standard (5.0""-7.0"")",False
oppo,Oppo A5x 5G (4GB RAM + 64GB),11499,68,mediatek dimensity 6300,mediatek,8,2.4,4,64,True,False,False,6.67,720,1604,120,6000,True,45.0,1,1,32.0,5.0,android,True,hybrid,hybrid,False,263.6,2.23,Lower-Mid (10k-20k),9.350015354048665,5.91,"Standard (5.0""-7.0"")",True
tecno,Tecno Pova Slim 5G,20999,77,mediatek dimensity 6400,mediatek,8,2.5,8,128,True,False,True,6.78,1224,2720,144,5160,True,45.0,2,1,50.0,13.0,android,False,none,none,False,439.9,2.22,Mid-Range (20k-35k),9.952230096524119,3.67,"Standard (5.0""-7.0"")",True
motorola,MOTOROLA Razr 60 (Swarovski),54999,89,mediatek dimensity 7400x,mediatek,8,2.6,8,256,True,True,False,6.9,1080,2640,120,4500,True,30.0,2,1,50.0,32.0,android,False,none,none,False,413.4,2.44,Upper-Mid (35k-60k),10.915070282231135,1.62,"Standard (5.0""-7.0"")",True
realme,Realme 15T (12GB RAM + 256GB),24999,83,mediatek dimensity 6400 max,mediatek,8,2.5,12,256,True,False,True,6.57,1080,2372,120,7000,True,60.0,2,1,50.0,50.0,android,True,hybrid,hybrid,False,396.7,2.2,Mid-Range (20k-35k),10.126591103050316,3.32,"Standard (5.0""-7.0"")",True
realme,Realme 15T (8GB RAM + 256GB),22989,82,mediatek dimensity 6400 max,mediatek,8,2.5,8,256,True,False,True,6.57,1080,2372,120,7000,True,60.0,2,1,50.0,50.0,android,True,hybrid,hybrid,False,396.7,2.2,Mid-Range (20k-35k),10.042771119638514,3.57,"Standard (5.0""-7.0"")",True
xiaomi,Xiaomi Redmi 15 5G (8GB RAM + 128GB),15998,79,snapdragon 6s gen3,snapdragon,8,2.3,8,128,True,False,True,6.9,1080,2340,144,7000,True,33.0,1,1,50.0,8.0,android,True,hybrid,hybrid,False,373.5,2.17,Lower-Mid (10k-20k),9.680218993408767,4.94,"Standard (5.0""-7.0"")",True
samsung,Samsung Galaxy M07 4G,6799,68,mediatek helio g99,mediatek,8,2.2,4,64,False,False,False,6.7,720,1600,90,5000,True,25.0,2,1,50.0,8.0,android,True,dedicated,dedicated,False,261.9,2.22,Budget (<10k),8.82453082152646,10.0,"Standard (5.0""-7.0"")",False
itel,Itel Zeno 20 (4GB RAM + 128GB),6899,57,unisoc t7100,unisoc,8,1.8,4,128,False,False,False,6.6,720,1612,90,5000,True,15.0,1,1,13.0,5.0,android,True,dedicated,dedicated,False,267.5,2.24,Budget (<10k),8.839131752546109,8.26,"Standard (5.0""-7.0"")",False
vivo,Vivo T4 Pro 5G (12GB RAM + 256GB),31999,84,snapdragon 7 gen4,snapdragon,8,2.8,12,256,True,False,True,6.77,1080,2392,120,6500,True,90.0,3,1,50.0,32.0,android,False,none,none,False,387.7,2.21,Mid-Range (20k-35k),10.373459931293572,2.63,"Standard (5.0""-7.0"")",True
vivo,Vivo T4 Pro 5G (8GB RAM + 256GB),29085,83,snapdragon 7 gen4,snapdragon,8,2.8,8,256,True,False,True,6.77,1080,2392,120,6500,True,90.0,3,1,50.0,32.0,android,False,none,none,False,387.7,2.21,Mid-Range (20k-35k),10.277977856344862,2.85,"Standard (5.0""-7.0"")",True
oppo,Oppo F31 Pro Plus 5G,32999,82,snapdragon 7 gen3,snapdragon,8,2.63,8,256,True,False,False,6.8,1280,2800,120,7000,True,80.0,2,1,50.0,32.0,android,False,none,none,False,452.8,2.19,Mid-Range (20k-35k),10.404232536959167,2.48,"Standard (5.0""-7.0"")",True
lava,Lava Play Ultra 5G (8GB+128GB),13999,80,mediatek dimensity 7300,mediatek,8,2.5,8,128,True,False,False,6.67,1080,1920,120,5000,True,33.0,2,1,64.0,13.0,android,True,hybrid,hybrid,False,330.3,1.78,Lower-Mid (10k-20k),9.546741177474825,5.71,"Standard (5.0""-7.0"")",True
realme,Realme P4 5G (8GB RAM + 256GB),20998,80,mediatek dimensity 7400 ultra,mediatek,8,2.6,8,256,True,False,True,6.77,1080,2392,144,7000,True,80.0,2,1,50.0,16.0,android,False,none,none,False,387.7,2.21,Mid-Range (20k-35k),9.952182474074887,3.81,"Standard (5.0""-7.0"")",True
realme,Realme P4 5G (8GB RAM + 128GB),18499,79,mediatek dimensity 7400 ultra,mediatek,8,2.6,8,128,True,False,True,6.77,1080,2392,144,7000,True,80.0,2,1,50.0,16.0,android,False,none,none,False,387.7,2.21,Lower-Mid (10k-20k),9.82547195555139,4.27,"Standard (5.0""-7.0"")",True
realme,Realme P4 Pro 5G (12GB RAM + 256GB),26999,75,snapdragon 7 gen 4,snapdragon,8,2.8,12,256,True,False,True,6.8,1280,2800,144,7000,True,80.0,2,1,50.0,50.0,android,False,none,none,False,452.8,2.19,Mid-Range (20k-35k),10.203555107263542,2.78,"Standard (5.0""-7.0"")",True
realme,Realme P4 Pro 5G (8GB RAM + 256GB),25490,74,snapdragon 7 gen 4,snapdragon,8,2.8,8,256,True,False,True,6.8,1280,2800,144,7000,True,80.0,2,1,50.0,50.0,android,False,none,none,False,452.8,2.19,Mid-Range (20k-35k),10.146041497370161,2.9,"Standard (5.0""-7.0"")",True
samsung,Samsung Galaxy A07 4G,7990,69,mediatek helio g99,mediatek,8,2.2,4,64,False,False,False,6.7,720,1600,90,5000,True,25.0,2,1,50.0,8.0,android,True,dedicated,dedicated,False,261.9,2.22,Budget (<10k),8.98594603876032,8.64,"Standard (5.0""-7.0"")",False
realme,Realme 15T 5G,20979,82,mediatek dimensity 6400 max,mediatek,8,2.5,8,128,True,False,True,6.57,1080,2372,120,7000,True,60.0,2,1,50.0,50.0,android,True,hybrid,hybrid,False,396.7,2.2,Mid-Range (20k-35k),9.951277216371977,3.91,"Standard (5.0""-7.0"")",True
samsung,Samsung Galaxy A17 5G (8GB RAM + 256GB),21249,81,exynos 1330,exynos,8,2.4,8,256,True,True,False,6.7,1080,2340,90,5000,True,25.0,3,1,50.0,13.0,android,True,hybrid,hybrid,False,384.7,2.17,Mid-Range (20k-35k),9.964065114421732,3.81,"Standard (5.0""-7.0"")",False
samsung,Samsung Galaxy A17 5G (8GB RAM + 128GB),20499,81,exynos 1330,exynos,8,2.4,8,128,True,True,False,6.7,1080,2340,90,5000,True,25.0,3,1,50.0,13.0,android,True,hybrid,hybrid,False,384.7,2.17,Mid-Range (20k-35k),9.928131383448887,3.95,"Standard (5.0""-7.0"")",False
xiaomi,Xiaomi Redmi 15 5G (8GB RAM + 256GB),16998,79,snapdragon 6s gen3,snapdragon,8,2.3,8,256,True,False,True,6.9,1080,2340,144,7000,True,33.0,1,1,50.0,8.0,android,True,hybrid,hybrid,False,373.5,2.17,Lower-Mid (10k-20k),9.740850969058572,4.65,"Standard (5.0""-7.0"")",True
poco,Poco M7 Plus 5G (8GB RAM + 128GB),13932,79,snapdragon 6s gen3,snapdragon,8,2.3,8,128,True,False,True,6.9,1080,2340,144,7000,True,33.0,1,1,50.0,8.0,android,True,hybrid,hybrid,False,373.5,2.17,Lower-Mid (10k-20k),9.541943631485891,5.67,"Standard (5.0""-7.0"")",True
lava,Lava Play Ultra 5G,12999,79,mediatek dimensity 7300,mediatek,8,2.5,6,128,True,False,False,6.67,1080,1920,120,5000,True,33.0,2,1,64.0,13.0,android,True,hybrid,hybrid,False,330.3,1.78,Lower-Mid (10k-20k),9.47262771040802,6.08,"Standard (5.0""-7.0"")",True
lava,LAVA Blaze Dragon 5G (6GB RAM + 128GB),9189,74,snapdragon 4 gen2,snapdragon,8,2.2,6,128,True,False,False,6.74,720,1612,120,5000,True,18.0,1,1,50.0,8.0,android,True,dedicated,dedicated,False,261.9,2.24,Budget (<10k),9.125762395500885,8.05,"Standard (5.0""-7.0"")",True
vivo,Vivo V60 5G (16GB RAM + 512GB),45999,89,snapdragon 7 gen4,snapdragon,8,2.8,16,512,True,True,True,6.77,1080,2392,120,6500,True,90.0,3,1,50.0,50.0,android,False,none,none,False,387.7,2.21,Upper-Mid (35k-60k),10.736374936104498,1.93,"Standard (5.0""-7.0"")",True
vivo,Vivo V60 5G (12GB RAM + 256GB),40999,87,snapdragon 7 gen4,snapdragon,8,2.8,12,256,True,True,True,6.77,1080,2392,120,6500,True,90.0,3,1,50.0,50.0,android,False,none,none,False,387.7,2.21,Upper-Mid (35k-60k),10.621302955145095,2.12,"Standard (5.0""-7.0"")",True
vivo,Vivo V60 5G (8GB RAM + 256GB),38999,87,snapdragon 7 gen4,snapdragon,8,2.8,8,256,True,True,True,6.77,1080,2392,120,6500,True,90.0,3,1,50.0,50.0,android,False,none,none,False,387.7,2.21,Upper-Mid (35k-60k),10.571291283757406,2.23,"Standard (5.0""-7.0"")",True
tecno,Tecno Spark Go 5G,9999,71,mediatek dimensity 6400,mediatek,8,2.5,4,128,True,False,True,6.74,720,1600,120,6000,True,18.0,1,1,50.0,5.0,android,True,dedicated,dedicated,False,260.3,2.22,Budget (<10k),9.21024036697585,7.1,"Standard (5.0""-7.0"")",True
oppo,Oppo K13 Turbo Pro (12GB+256GB),39999,83,snapdragon 8s gen4,snapdragon,8,3.2,12,256,True,False,True,6.8,1280,2800,120,7000,True,80.0,2,1,50.0,16.0,android,False,none,none,False,452.8,2.19,Upper-Mid (35k-60k),10.596609732783568,2.08,"Standard (5.0""-7.0"")",True
oppo,Oppo K13 Turbo (8GB RAM + 256GB),26935,81,mediatek dimensity 8450,mediatek,8,3.25,8,256,True,False,True,6.8,1280,2800,120,7000,True,80.0,2,1,50.0,16.0,android,False,none,none,False,452.8,2.19,Mid-Range (20k-35k),10.201181835114634,3.01,"Standard (5.0""-7.0"")",True
infinix,Infinix GT 30 5G (8GB RAM+ 256GB),20999,80,mediatek dimensity 7400,mediatek,8,2.6,8,256,True,False,True,6.78,1224,2720,144,5500,True,45.0,2,1,64.0,13.0,android,False,none,none,False,439.9,2.22,Mid-Range (20k-35k),9.952230096524119,3.81,"Standard (5.0""-7.0"")",True
infinix,Infinix Hot 60i 5G,9599,73,mediatek dimensity 6400,mediatek,8,2.5,4,128,True,False,True,6.75,720,1600,120,6000,True,45.0,1,1,50.0,5.0,android,True,dedicated,dedicated,False,259.9,2.22,Budget (<10k),9.169414205363537,7.6,"Standard (5.0""-7.0"")",True
oppo,Oppo A5x 4G (4GB RAM + 128GB),9998,69,snapdragon 6s 4g gen1,snapdragon,8,2.1,4,128,False,False,True,6.67,720,1604,90,6000,True,45.0,1,1,32.0,5.0,android,True,hybrid,hybrid,False,263.6,2.23,Budget (<10k),9.210140351973516,6.9,"Standard (5.0""-7.0"")",False
vivo,Vivo Y400 5G (8GB RAM + 256GB),23519,79,snapdragon 4 gen2,snapdragon,8,2.2,8,256,True,False,False,6.67,1080,2400,120,6000,True,90.0,2,1,50.0,32.0,android,False,none,none,False,394.6,2.22,Mid-Range (20k-35k),10.065563884101888,3.36,"Standard (5.0""-7.0"")",True
tecno,Tecno Spark Go 2 (3GB RAM + 64GB),6699,62,unisoc t7250,unisoc,8,1.8,3,64,False,False,True,6.67,720,1600,120,5000,True,15.0,1,1,13.0,8.0,android,True,dedicated,dedicated,False,263.0,2.22,Budget (<10k),8.809713540508268,9.26,"Standard (5.0""-7.0"")",True
realme,Realme 13 Pro 5G (12GB RAM + 256GB),25499,82,snapdragon 7s gen2,snapdragon,8,2.4,12,256,True,False,False,6.7,1080,2412,120,5200,True,45.0,3,1,50.0,32.0,android,False,none,none,False,394.4,2.23,Mid-Range (20k-35k),10.146394514691288,3.22,"Standard (5.0""-7.0"")",True
vivo,Vivo T4R 5G (12GB RAM + 256GB),23999,82,mediatek dimensity 7400,mediatek,8,2.6,12,256,True,False,False,6.77,1080,2392,120,5700,True,44.0,2,1,50.0,32.0,android,False,none,none,False,387.7,2.21,Mid-Range (20k-35k),10.085767441795337,3.42,"Standard (5.0""-7.0"")",True
vivo,Vivo T4R 5G (8GB RAM + 256GB),22895,81,mediatek dimensity 7400,mediatek,8,2.6,8,256,True,False,False,6.77,1080,2392,120,5700,True,44.0,2,1,50.0,32.0,android,False,none,none,False,387.7,2.21,Mid-Range (20k-35k),10.038673825091196,3.54,"Standard (5.0""-7.0"")",True
oppo,Oppo A5x 5G (6GB RAM + 128GB),13999,72,mediatek dimensity 6300,mediatek,8,2.4,6,128,True,False,False,6.67,720,1604,120,6000,True,45.0,1,1,32.0,5.0,android,True,hybrid,hybrid,False,263.6,2.23,Lower-Mid (10k-20k),9.546741177474825,5.14,"Standard (5.0""-7.0"")",True
realme,Realme 15 5G (12GB RAM + 256GB),28999,75,mediatek dimensity 7300 plus,mediatek,8,2.5,12,256,True,False,False,6.8,1280,2800,144,7000,True,80.0,2,1,50.0,50.0,android,False,none,none,False,452.8,2.19,Mid-Range (20k-35k),10.275016625615446,2.59,"Standard (5.0""-7.0"")",True
realme,Realme 15 5G (8GB RAM + 256GB),26599,74,mediatek dimensity 7300 plus,mediatek,8,2.5,8,256,True,False,False,6.8,1280,2800,144,7000,True,80.0,2,1,50.0,50.0,android,False,none,none,False,452.8,2.19,Mid-Range (20k-35k),10.188628900078157,2.78,"Standard (5.0""-7.0"")",True
realme,Realme 15 Pro 5G (8GB RAM + 256GB),30999,85,snapdragon 7 gen4,snapdragon,8,2.8,8,256,True,False,False,6.8,1280,2800,144,7000,True,80.0,2,1,50.0,50.0,android,False,none,none,False,452.8,2.19,Mid-Range (20k-35k),10.341710224882465,2.74,"Standard (5.0""-7.0"")",True
realme,Realme 15 Pro 5G (12GB RAM + 256GB),34199,86,snapdragon 7 gen4,snapdragon,8,2.8,12,256,True,False,False,6.8,1280,2800,144,7000,True,80.0,2,1,50.0,50.0,android,False,none,none,False,452.8,2.19,Mid-Range (20k-35k),10.439951682857124,2.51,"Standard (5.0""-7.0"")",True
realme,Realme 15 Pro 5G (12GB RAM + 512GB),38999,87,snapdragon 7 gen4,snapdragon,8,2.8,12,512,True,False,False,6.8,1280,2800,144,7000,True,80.0,2,1,50.0,50.0,android,False,none,none,False,452.8,2.19,Upper-Mid (35k-60k),10.571291283757406,2.23,"Standard (5.0""-7.0"")",True
xiaomi,Xiaomi Redmi Note 14 SE 5G,14299,80,mediatek dimensity 7025 ultra,mediatek,8,2.5,6,128,True,False,True,6.67,1080,2400,120,5110,True,45.0,3,1,50.0,20.0,android,True,hybrid,hybrid,False,394.6,2.22,Lower-Mid (10k-20k),9.567944883732848,5.59,"Standard (5.0""-7.0"")",True
iqoo,iQOO Z10R (12GB RAM + 256GB),20876,82,mediatek dimensity 7400,mediatek,8,2.6,12,256,True,False,False,6.77,1080,2392,120,5700,True,44.0,2,1,50.0,32.0,android,False,none,none,False,387.7,2.21,Mid-Range (20k-35k),9.946355452763305,3.93,"Standard (5.0""-7.0"")",True
iqoo,iQOO Z10R (8GB RAM + 256GB),21498,81,mediatek dimensity 7400,mediatek,8,2.6,8,256,True,False,False,6.77,1080,2392,120,5700,True,44.0,2,1,50.0,32.0,android,False,none,none,False,387.7,2.21,Mid-Range (20k-35k),9.975715186533009,3.77,"Standard (5.0""-7.0"")",True
xiaomi,Xiaomi Redmi 15 5G,14998,77,snapdragon 6s gen3,snapdragon,8,2.3,6,128,True,False,True,6.9,1080,2340,144,7000,True,33.0,1,1,50.0,8.0,android,True,hybrid,hybrid,False,373.5,2.17,Lower-Mid (10k-20k),9.615672137861335,5.13,"Standard (5.0""-7.0"")",True
realme,Realme Narzo 80 Lite 4G (6GB RAM + 128GB),7799,67,unisoc t7250,unisoc,8,1.8,6,128,False,False,False,6.74,720,1600,90,6300,True,15.0,1,1,13.0,5.0,android,True,hybrid,hybrid,False,260.3,2.22,Budget (<10k),8.961750799330497,8.59,"Standard (5.0""-7.0"")",False
realme,Realme Narzo 80 Lite 4G,7299,64,unisoc t7250,unisoc,8,1.8,4,128,False,False,False,6.74,720,1600,90,6300,True,15.0,1,1,13.0,5.0,android,True,hybrid,hybrid,False,260.3,2.22,Budget (<10k),8.895492631451633,8.77,"Standard (5.0""-7.0"")",False
samsung,Samsung Galaxy F36 5G (8GB RAM + 128GB),18999,82,exynos 1380,exynos,8,2.4,8,128,True,True,False,6.7,1080,2340,120,5000,True,25.0,3,1,50.0,13.0,android,True,hybrid,hybrid,False,384.7,2.17,Lower-Mid (10k-20k),9.85214162518454,4.32,"Standard (5.0""-7.0"")",True
lava,Lava Blaze AMOLED 2,12840,75,mediatek dimensity 7060,mediatek,8,2.6,6,128,True,False,False,6.67,1080,2400,120,5000,False,33.0,1,1,50.0,8.0,android,True,hybrid,hybrid,False,394.6,2.22,Lower-Mid (10k-20k),9.460320577243952,5.84,"Standard (5.0""-7.0"")",True
lava,LAVA Blaze Dragon 5G,9998,71,snapdragon 4 gen2,snapdragon,8,2.2,4,128,True,False,False,6.74,720,1612,120,5000,True,18.0,1,1,50.0,8.0,android,True,dedicated,dedicated,False,261.9,2.24,Budget (<10k),9.210140351973516,7.1,"Standard (5.0""-7.0"")",True
vivo,Vivo T4R 5G,20329,80,mediatek dimensity 7400,mediatek,8,2.6,8,128,True,False,False,6.77,1080,2392,120,5700,True,44.0,2,1,50.0,32.0,android,False,none,none,False,387.7,2.21,Mid-Range (20k-35k),9.919803717021065,3.94,"Standard (5.0""-7.0"")",True
oppo,Oppo K13 Turbo Pro,37999,82,snapdragon 8s gen4,snapdragon,8,3.2,8,256,True,False,True,6.8,1280,2800,120,7000,True,80.0,2,1,50.0,16.0,android,False,none,none,False,452.8,2.19,Upper-Mid (35k-60k),10.545315122572783,2.16,"Standard (5.0""-7.0"")",True
realme,Realme C71 (6GB RAM + 128GB),8799,68,unisoc ums9230e,unisoc,8,1.8,6,128,False,False,False,6.75,720,1600,90,6300,True,15.0,1,1,13.0,5.0,android,True,dedicated,dedicated,False,259.9,2.22,Budget (<10k),9.08239335764556,7.73,"Standard (5.0""-7.0"")",False
samsung,Samsung Galaxy F36 5G,17499,80,exynos 1380,exynos,8,2.4,6,128,True,True,False,6.7,1080,2340,120,5000,True,25.0,3,1,50.0,13.0,android,True,hybrid,hybrid,False,384.7,2.17,Lower-Mid (10k-20k),9.769899015421748,4.57,"Standard (5.0""-7.0"")",True
samsung,Samsung Galaxy M36 5G (8GB RAM + 128GB),14430,79,exynos 1380,exynos,8,2.4,8,128,True,False,False,6.7,1080,2340,120,5000,True,25.0,3,1,50.0,13.0,android,True,hybrid,hybrid,False,384.7,2.17,Lower-Mid (10k-20k),9.577064651767916,5.47,"Standard (5.0""-7.0"")",True
samsung,Samsung Galaxy Z Fold 7 (16GB RAM + 1TB),216999,97,snapdragon 8 elite for galaxy,snapdragon,8,4.47,16,1024,True,True,False,8.0,1968,2184,120,4400,True,25.0,3,2,200.0,10.0,android,False,none,none,False,367.5,1.11,Premium (>=60k),12.287648024217047,0.45,"Large/Foldable (>7.0"")",True
samsung,Samsung Galaxy Z Fold 7 (12GB RAM + 512GB),186999,95,snapdragon 8 elite for galaxy,snapdragon,8,4.47,12,512,True,True,False,8.0,1968,2184,120,4400,True,25.0,3,2,200.0,10.0,android,False,none,none,False,367.5,1.11,Premium (>=60k),12.138858548228843,0.51,"Large/Foldable (>7.0"")",True
samsung,Samsung Galaxy Z Flip 7 FE (8GB RAM + 256GB),89999,90,exynos 2400,exynos,8,3.2,8,256,True,True,False,6.7,1080,2640,120,4000,True,25.0,2,1,50.0,10.0,android,False,none,none,False,425.7,2.44,Premium (>=60k),11.407553838139561,1.0,"Standard (5.0""-7.0"")",True
samsung,Samsung Galaxy Z Flip 7 5G (12GB RAM+512GB),121999,91,exynos 2500,exynos,10,3.3,12,512,True,True,False,6.9,1080,2520,120,4300,True,25.0,2,1,50.0,10.0,android,False,none,none,False,397.3,2.33,Premium (>=60k),11.71176812696049,0.75,"Standard (5.0""-7.0"")",True
motorola,Motorola Moto G96 5G (8GB RAM + 256GB),16960,80,snapdragon 7s gen2,snapdragon,8,2.4,8,256,True,False,False,6.67,1080,2400,144,5500,True,33.0,2,1,50.0,32.0,android,False,none,none,False,394.6,2.22,Lower-Mid (10k-20k),9.738612909345894,4.72,"Standard (5.0""-7.0"")",True
oneplus,OnePlus Nord 5 (12GB RAM + 256GB),34998,85,snapdragon 8s gen3,snapdragon,8,3.0,12,256,True,True,True,6.83,1272,2800,144,6800,True,80.0,2,1,50.0,50.0,android,False,none,none,False,450.3,2.2,Mid-Range (20k-35k),10.463046195981693,2.43,"Standard (5.0""-7.0"")",True
oneplus,OnePlus Nord CE 5 5G (12GB RAM + 256GB),28998,84,mediatek dimensity 8350 apex,mediatek,8,3.35,12,256,True,False,True,6.77,1080,2392,120,7100,True,80.0,2,1,50.0,16.0,android,True,hybrid,hybrid,False,387.7,2.21,Mid-Range (20k-35k),10.274982141073139,2.9,"Standard (5.0""-7.0"")",True
oneplus,OnePlus Nord CE 5 5G (8GB RAM + 256GB),26998,83,mediatek dimensity 8350 apex,mediatek,8,3.35,8,256,True,False,True,6.77,1080,2392,120,7100,True,80.0,2,1,50.0,16.0,android,True,hybrid,hybrid,False,387.7,2.21,Mid-Range (20k-35k),10.203518068168773,3.07,"Standard (5.0""-7.0"")",True
ai+,Ai+ Pulse (6GB RAM +128GB),6999,71,unisoc t615,unisoc,8,1.8,6,128,False,False,False,6.75,720,1600,90,5000,True,10.0,1,1,50.0,5.0,android,True,dedicated,dedicated,False,259.9,2.22,Budget (<10k),8.85352256068954,10.14,"Standard (5.0""-7.0"")",False
ai+,Ai+ Nova 5G (8GB RAM + 128GB),9999,68,unisoc t8200,unisoc,8,2.3,8,128,True,False,False,6.75,720,1600,120,5000,True,18.0,1,1,50.0,5.0,android,True,dedicated,dedicated,False,259.9,2.22,Budget (<10k),9.21024036697585,6.8,"Standard (5.0""-7.0"")",True
tecno,Tecno Pova 7 Pro 5G (8GB RAM + 256GB),18749,80,mediatek dimensity 7300 ultimate,mediatek,8,2.5,8,256,True,True,True,6.78,1224,2720,144,6000,True,45.0,2,1,64.0,13.0,android,False,none,none,False,439.9,2.22,Lower-Mid (10k-20k),9.83889569664295,4.27,"Standard (5.0""-7.0"")",True
tecno,Tecno Pova 7 5G (8GB RAM + 256GB),15999,77,mediatek dimensity 7300 ultimate,mediatek,8,2.5,8,256,True,True,True,6.78,1080,2460,144,6000,True,45.0,1,1,50.0,13.0,android,True,hybrid,hybrid,False,396.3,2.28,Lower-Mid (10k-20k),9.680281499268713,4.81,"Standard (5.0""-7.0"")",True
oppo,OPPO Reno 14 5G (12GB RAM + 512GB),44999,88,mediatek dimensity 8350,mediatek,8,3.35,12,512,True,False,True,6.59,1256,2760,120,6000,True,80.0,3,1,50.0,50.0,android,False,none,none,False,460.1,2.2,Upper-Mid (35k-60k),10.714395546283317,1.96,"Standard (5.0""-7.0"")",True
nothing,Nothing Phone 3 (16GB RAM + 512GB),56999,91,snapdragon 8s gen4,snapdragon,8,3.2,16,512,True,True,False,6.67,1260,2800,120,5500,True,65.0,3,1,50.0,50.0,android,False,none,none,False,460.3,2.22,Upper-Mid (35k-60k),10.950789002803143,1.6,"Standard (5.0""-7.0"")",True
vivo,Vivo X200 FE (16GB RAM + 512GB),59998,90,mediatek dimensity 9300 plus,mediatek,8,3.25,16,512,True,True,True,6.31,1216,2640,120,6500,True,90.0,3,1,50.0,50.0,android,False,none,none,False,460.6,2.17,Upper-Mid (35k-60k),11.002066507315336,1.5,"Standard (5.0""-7.0"")",True
samsung,Samsung Galaxy M36 5G (8GB RAM + 256GB),21499,80,exynos 1380,exynos,8,2.4,8,256,True,False,False,6.7,1080,2340,120,5000,True,25.0,3,1,50.0,13.0,android,True,hybrid,hybrid,False,384.7,2.17,Mid-Range (20k-35k),9.975761701406148,3.72,"Standard (5.0""-7.0"")",True
lava,Lava Blaze Amoled (6GB RAM + 128GB),13899,72,mediatek dimensity 6300,mediatek,8,2.4,6,128,False,False,False,6.67,1080,2400,120,5000,False,33.0,2,1,64.0,16.0,android,False,none,none,False,394.6,2.22,Lower-Mid (10k-20k),9.539572174084759,5.18,"Standard (5.0""-7.0"")",True
infinix,Infinix GT 30 5G,20990,79,mediatek dimensity 7400,mediatek,8,2.6,8,128,True,False,True,6.78,1224,2720,144,5500,True,45.0,2,1,64.0,13.0,android,False,none,none,False,439.9,2.22,Mid-Range (20k-35k),9.951801412814678,3.76,"Standard (5.0""-7.0"")",True
motorola,Motorola Edge 60 Pro (16GB RAM + 512GB),39999,89,mediatek dimensity 8350 extreme,mediatek,8,3.35,16,512,True,True,False,6.7,1220,2712,120,6000,True,90.0,3,1,50.0,50.0,android,False,none,none,False,443.8,2.22,Upper-Mid (35k-60k),10.596609732783568,2.23,"Standard (5.0""-7.0"")",True
poco,Poco F7 5G (12GB RAM + 512GB),32999,84,snapdragon 8s gen4,snapdragon,8,3.2,12,512,True,True,True,6.83,1280,2772,120,7550,True,90.0,2,1,50.0,20.0,android,False,none,none,False,447.0,2.17,Mid-Range (20k-35k),10.404232536959167,2.55,"Standard (5.0""-7.0"")",True
ai+,Ai+ Pulse,5999,68,unisoc t615,unisoc,8,1.8,4,64,False,False,False,6.75,720,1600,90,5000,True,10.0,1,1,50.0,5.0,android,True,dedicated,dedicated,False,259.9,2.22,Budget (<10k),8.699348067653093,11.34,"Standard (5.0""-7.0"")",False
vivo,Vivo T4 Lite 5G (8GB RAM +256GB),13499,78,mediatek dimensity 6300,mediatek,8,2.4,8,128,True,False,False,6.74,720,1600,90,6000,True,15.0,2,1,50.0,5.0,android,True,dedicated,dedicated,False,260.3,2.22,Lower-Mid (10k-20k),9.510370887608827,5.78,"Standard (5.0""-7.0"")",False
vivo,Vivo T4 Lite 5G (6 GB RAM +128 GB),11499,75,mediatek dimensity 6300,mediatek,8,2.4,6,128,True,False,False,6.74,720,1600,90,6000,True,15.0,2,1,50.0,5.0,android,True,dedicated,dedicated,False,260.3,2.22,Lower-Mid (10k-20k),9.350015354048665,6.52,"Standard (5.0""-7.0"")",False
infinix,Infinix Note 50s 5G (6GB RAM + 128GB),15999,77,mediatek dimensity 7300 ultimate,mediatek,8,2.5,6,128,True,False,True,6.78,1080,2436,144,5500,True,45.0,2,1,64.0,13.0,android,False,none,none,False,393.0,2.26,Lower-Mid (10k-20k),9.680281499268713,4.81,"Standard (5.0""-7.0"")",True
oppo,OPPO K13x 5G (8GB RAM +128GB),13948,78,mediatek dimensity 6300,mediatek,8,2.4,8,128,True,False,False,6.67,720,1604,120,6000,True,45.0,2,1,50.0,8.0,android,True,hybrid,hybrid,False,263.6,2.23,Lower-Mid (10k-20k),9.543091407795542,5.59,"Standard (5.0""-7.0"")",True
xiaomi,Xiaomi Redmi A4 5G (6GB RAM + 128GB),9299,72,snapdragon 4s gen2,snapdragon,8,2.0,6,128,True,False,False,6.88,720,1640,120,5160,True,18.0,1,1,50.0,5.0,android,True,dedicated,dedicated,False,260.3,2.28,Budget (<10k),9.137662146478197,7.74,"Standard (5.0""-7.0"")",True
vivo,Vivo Y400 Pro 5G (8GB RAM + 256GB),26998,80,mediatek dimensity 7300,mediatek,8,2.5,8,256,True,False,True,6.77,1080,2392,120,5500,True,90.0,2,1,50.0,32.0,android,False,none,none,False,387.7,2.21,Mid-Range (20k-35k),10.203518068168773,2.96,"Standard (5.0""-7.0"")",True
lava,Lava Storm Play 5G (8GB RAM + 256GB),11999,77,mediatek dimensity 7060,mediatek,8,2.6,8,256,True,False,False,6.75,720,1600,120,5000,True,18.0,2,1,50.0,8.0,android,True,hybrid,hybrid,False,259.9,2.22,Lower-Mid (10k-20k),9.392578591964389,6.42,"Standard (5.0""-7.0"")",True
iqoo,iQOO Z10 Lite 5G (8GB RAM + 256GB),13498,76,mediatek dimensity 6300,mediatek,8,2.4,8,256,True,False,False,6.74,720,1600,90,6000,True,15.0,2,1,50.0,5.0,android,False,none,none,False,260.3,2.22,Lower-Mid (10k-20k),9.510296805303351,5.63,"Standard (5.0""-7.0"")",False
iqoo,iQOO Z10 Lite 5G (6GB RAM + 128GB),11498,73,mediatek dimensity 6300,mediatek,8,2.4,6,128,True,False,False,6.74,720,1600,90,6000,True,15.0,2,1,50.0,5.0,android,False,none,none,False,260.3,2.22,Lower-Mid (10k-20k),9.349928386183237,6.35,"Standard (5.0""-7.0"")",False
oppo,OPPO Reno 14 Pro 5G (12GB RAM + 512GB),56999,91,mediatek dimensity 8450,mediatek,8,3.25,12,512,True,True,True,6.83,1272,2800,120,6200,True,80.0,3,1,50.0,50.0,android,False,none,none,False,450.3,2.2,Upper-Mid (35k-60k),10.950789002803143,1.6,"Standard (5.0""-7.0"")",True
oppo,OPPO Reno 14 5G (12GB RAM + 256GB),41999,87,mediatek dimensity 8350,mediatek,8,3.35,12,256,True,False,True,6.59,1256,2760,120,6000,True,80.0,3,1,50.0,50.0,android,False,none,none,False,460.1,2.2,Upper-Mid (35k-60k),10.645401087458245,2.07,"Standard (5.0""-7.0"")",True
tecno,Tecno Spark Go 2,7499,64,unisoc t7250,unisoc,8,1.8,4,64,False,False,True,6.67,720,1600,120,5000,True,15.0,1,1,13.0,8.0,android,True,dedicated,dedicated,False,263.0,2.22,Budget (<10k),8.92252495730139,8.53,"Standard (5.0""-7.0"")",True
realme,Realme Narzo 80 Lite (6GB RAM + 128GB),10999,74,mediatek dimensity 6300,mediatek,8,2.4,6,128,True,False,False,6.67,720,1604,120,6000,True,15.0,1,1,32.0,8.0,android,True,hybrid,hybrid,False,263.6,2.23,Lower-Mid (10k-20k),9.305559638557117,6.73,"Standard (5.0""-7.0"")",True
oppo,OPPO K13x 5G (6GB RAM +128GB),12004,76,mediatek dimensity 6300,mediatek,8,2.4,6,128,True,False,False,6.67,720,1604,120,6000,True,45.0,2,1,50.0,8.0,android,True,hybrid,hybrid,False,263.6,2.23,Lower-Mid (10k-20k),9.392995206560258,6.33,"Standard (5.0""-7.0"")",True
lava,Lava Storm Lite 5G (4GB RAM + 128GB),8499,72,mediatek dimensity 6400,mediatek,8,2.5,4,128,True,False,False,6.75,720,1600,120,5000,True,15.0,1,1,50.0,5.0,android,True,dedicated,dedicated,False,259.9,2.22,Budget (<10k),9.047703788498627,8.47,"Standard (5.0""-7.0"")",True
vivo,Vivo T4 Ultra (12GB RAM+ 256GB),37999,86,mediatek dimensity 9300 plus,mediatek,8,3.25,12,256,True,True,False,6.67,1260,2800,120,5500,True,90.0,3,1,50.0,32.0,android,False,none,none,False,460.3,2.22,Upper-Mid (35k-60k),10.545315122572783,2.26,"Standard (5.0""-7.0"")",True
vivo,Vivo T4 Ultra (12GB RAM+ 512GB),39999,86,mediatek dimensity 9300 plus,mediatek,8,3.25,12,512,True,True,False,6.67,1260,2800,120,5500,True,90.0,3,1,50.0,32.0,android,False,none,none,False,460.3,2.22,Upper-Mid (35k-60k),10.596609732783568,2.15,"Standard (5.0""-7.0"")",True
vivo,Vivo Y400 Pro 5G,24998,79,mediatek dimensity 7300,mediatek,8,2.5,8,128,True,False,True,6.77,1080,2392,120,5500,True,90.0,2,1,50.0,32.0,android,False,none,none,False,387.7,2.21,Mid-Range (20k-35k),10.126551100650167,3.16,"Standard (5.0""-7.0"")",True
ai+,Ai+ Nova 5G,8999,67,unisoc t8200,unisoc,8,2.3,6,128,True,False,False,6.75,720,1600,120,5000,True,18.0,1,1,50.0,5.0,android,True,dedicated,dedicated,False,259.9,2.22,Budget (<10k),9.104868739033948,7.45,"Standard (5.0""-7.0"")",True
lava,Lava Storm Lite 5G,7999,70,mediatek dimensity 6400,mediatek,8,2.5,4,64,True,False,False,6.75,720,1600,120,5000,True,15.0,1,1,50.0,5.0,android,True,dedicated,dedicated,False,259.9,2.22,Budget (<10k),8.987071812848821,8.75,"Standard (5.0""-7.0"")",True
lava,Lava Storm Play 5G,9999,74,mediatek dimensity 7060,mediatek,8,2.6,6,128,True,False,False,6.75,720,1600,120,5000,True,18.0,2,1,50.0,8.0,android,True,hybrid,hybrid,False,259.9,2.22,Budget (<10k),9.21024036697585,7.4,"Standard (5.0""-7.0"")",True
oneplus,OnePlus 13s (12GB RAM + 512GB),56999,88,snapdragon 8 elite,snapdragon,8,4.32,12,512,True,True,True,6.32,1216,2640,120,5850,True,80.0,2,1,50.0,32.0,android,False,none,none,False,459.9,2.17,Upper-Mid (35k-60k),10.950789002803143,1.54,"Standard (5.0""-7.0"")",True
infinix,Infinix Smart 10,6500,64,unisoc t7250,unisoc,8,1.8,4,64,False,False,False,6.67,720,1600,120,5000,True,15.0,1,1,8.0,8.0,android,True,dedicated,dedicated,False,263.0,2.22,Budget (<10k),8.779557455883728,9.85,"Standard (5.0""-7.0"")",True
infinix,Infinix GT 30 Pro 5G (12GB RAM + 256GB),26999,87,mediatek dimensity 8350 ultimate,mediatek,8,3.35,12,256,True,True,True,6.78,1224,2720,144,5500,True,45.0,2,1,108.0,13.0,android,False,none,none,False,439.9,2.22,Mid-Range (20k-35k),10.203555107263542,3.22,"Standard (5.0""-7.0"")",True
realme,Realme C71,6945,64,unisoc ums9230e,unisoc,8,1.8,4,64,False,False,False,6.75,720,1600,90,6300,True,15.0,1,1,13.0,5.0,android,True,dedicated,dedicated,False,259.9,2.22,Budget (<10k),8.845777255188445,9.22,"Standard (5.0""-7.0"")",False
realme,Realme Narzo 80 Lite 5G,10499,71,mediatek dimensity 6300,mediatek,8,2.4,4,128,True,False,False,6.67,720,1604,120,6000,True,15.0,1,1,32.0,8.0,android,True,hybrid,hybrid,False,263.6,2.23,Lower-Mid (10k-20k),9.259035293514941,6.76,"Standard (5.0""-7.0"")",True
realme,Realme C73 (4GB RAM + 128GB),11495,71,mediatek dimensity 6300,mediatek,8,2.4,4,128,True,False,False,6.67,720,1604,120,6000,True,15.0,1,1,32.0,8.0,android,True,hybrid,hybrid,False,263.6,2.23,Lower-Mid (10k-20k),9.349667437197281,6.18,"Standard (5.0""-7.0"")",True
motorola,Motorola Moto G86 Power 5G,16719,83,mediatek dimensity 7400,mediatek,8,2.6,8,128,True,False,False,6.7,1220,2712,120,6720,True,33.0,2,1,50.0,32.0,android,True,hybrid,hybrid,False,443.8,2.22,Lower-Mid (10k-20k),9.724301076237646,4.96,"Standard (5.0""-7.0"")",True
tecno,Tecno Pova Curve 5G (8GB RAM + 128GB),17999,79,mediatek dimensity 7300 ultimate,mediatek,8,2.5,8,128,True,True,True,6.78,1080,2436,144,5500,True,45.0,1,1,64.0,13.0,android,False,none,none,False,393.0,2.26,Lower-Mid (10k-20k),9.798071479779479,4.39,"Standard (5.0""-7.0"")",True
realme,Realme GT 7T (12GB RAM + 512GB),38999,87,mediatek dimensity 8400-max,mediatek,8,3.25,12,512,True,True,True,6.8,1280,2800,120,7000,True,120.0,2,1,50.0,32.0,android,False,none,none,False,452.8,2.19,Upper-Mid (35k-60k),10.571291283757406,2.23,"Standard (5.0""-7.0"")",True
realme,Realme GT 7T (12GB RAM + 256GB),35359,86,mediatek dimensity 8400-max,mediatek,8,3.25,12,256,True,True,True,6.8,1280,2800,120,7000,True,120.0,2,1,50.0,32.0,android,False,none,none,False,452.8,2.19,Upper-Mid (35k-60k),10.473308235808691,2.43,"Standard (5.0""-7.0"")",True
realme,Realme GT 7 (12GB RAM + 512GB),43998,89,mediatek dimensity 9400e,mediatek,8,3.4,12,512,True,True,True,6.78,1264,2780,120,7000,True,120.0,3,1,50.0,32.0,android,False,none,none,False,450.4,2.2,Upper-Mid (35k-60k),10.691899457321854,2.02,"Standard (5.0""-7.0"")",True
realme,Realme GT 7 (12GB RAM + 256GB),39998,89,mediatek dimensity 9400e,mediatek,8,3.4,12,256,True,True,True,6.78,1264,2780,120,7000,True,120.0,3,1,50.0,32.0,android,False,none,none,False,450.4,2.2,Upper-Mid (35k-60k),10.596584731846031,2.23,"Standard (5.0""-7.0"")",True
alcatel,Alcatel V3 Classic (6GB RAM + 128GB),11999,76,mediatek dimensity 6300,mediatek,8,2.4,6,128,True,True,False,6.67,720,1600,120,5200,True,18.0,2,1,50.0,8.0,android,True,hybrid,hybrid,False,263.0,2.22,Lower-Mid (10k-20k),9.392578591964389,6.33,"Standard (5.0""-7.0"")",True
alcatel,Alcatel V3 Ultra (8GB RAM + 128GB),16999,85,mediatek dimensity 6300,mediatek,8,2.4,8,128,True,True,False,6.78,1080,2460,120,5010,True,33.0,3,1,108.0,32.0,android,True,dedicated,dedicated,False,396.3,2.28,Lower-Mid (10k-20k),9.74090979777877,5.0,"Standard (5.0""-7.0"")",True
motorola,Motorola Moto G96 5G,16699,80,snapdragon 7s gen2,snapdragon,8,2.4,8,128,True,False,False,6.67,1080,2400,144,5500,True,33.0,2,1,50.0,32.0,android,False,none,none,False,394.6,2.22,Lower-Mid (10k-20k),9.723104116372433,4.79,"Standard (5.0""-7.0"")",True
acer,Acer Super ZX 5G  (8GB RAM + 128GB),11089,77,mediatek dimensity 6300,mediatek,8,2.4,8,128,True,False,False,6.8,1080,2400,120,5000,True,33.0,3,1,64.0,13.0,android,False,none,none,False,387.0,2.22,Lower-Mid (10k-20k),9.313708904953216,6.94,"Standard (5.0""-7.0"")",True
acer,Acer Super ZX 5G  (6GB RAM + 128GB),9998,74,mediatek dimensity 6300,mediatek,8,2.4,6,128,True,False,False,6.8,1080,2400,120,5000,True,33.0,3,1,64.0,13.0,android,False,none,none,False,387.0,2.22,Budget (<10k),9.210140351973516,7.4,"Standard (5.0""-7.0"")",True
iqoo,iQOO Neo 10 (16GB RAM + 512GB),40998,87,snapdragon 8s gen4,snapdragon,8,3.2,16,512,True,True,True,6.78,1260,2800,144,7000,True,120.0,2,1,50.0,32.0,android,False,none,none,False,452.9,2.22,Upper-Mid (35k-60k),10.621278564008833,2.12,"Standard (5.0""-7.0"")",True
iqoo,iQOO Neo 10 (12GB RAM + 256GB),36893,85,snapdragon 8s gen4,snapdragon,8,3.2,12,256,True,True,True,6.78,1260,2800,144,7000,True,120.0,2,1,50.0,32.0,android,False,none,none,False,452.9,2.22,Upper-Mid (35k-60k),10.515777110135918,2.3,"Standard (5.0""-7.0"")",True
iqoo,iQOO Neo 10 (8GB RAM + 256GB),33998,84,snapdragon 8s gen4,snapdragon,8,3.2,8,256,True,True,True,6.78,1260,2800,144,7000,True,120.0,2,1,50.0,32.0,android,False,none,none,False,452.9,2.22,Mid-Range (20k-35k),10.434056978338715,2.47,"Standard (5.0""-7.0"")",True
iqoo,iQOO Z10 Lite,10498,71,mediatek dimensity 6300,mediatek,8,2.4,4,128,True,False,False,6.74,720,1600,90,6000,True,15.0,2,1,50.0,5.0,android,False,none,none,False,260.3,2.22,Lower-Mid (10k-20k),9.258940041812245,6.76,"Standard (5.0""-7.0"")",False
lava,Lava Bold N1,5999,57,unisoc 9863a,unisoc,8,1.6,4,64,False,False,False,6.75,1600,720,90,5000,True,10.0,1,1,13.0,5.0,android,True,dedicated,dedicated,False,259.9,0.45,Budget (<10k),8.699348067653093,9.5,"Standard (5.0""-7.0"")",False
lava,Lava Bold N1 Pro,6599,68,unisoc t606,unisoc,8,1.6,4,128,False,False,False,6.67,1600,720,120,5000,True,18.0,1,1,50.0,5.0,android,True,dedicated,dedicated,False,263.0,0.45,Budget (<10k),8.794673401383422,10.3,"Standard (5.0""-7.0"")",True
iqoo,iQOO Z10R,19498,80,mediatek dimensity 7400,mediatek,8,2.6,8,128,True,False,False,6.77,1080,2392,120,5700,True,44.0,2,1,50.0,32.0,android,False,none,none,False,387.7,2.21,Lower-Mid (10k-20k),9.878067175189218,4.1,"Standard (5.0""-7.0"")",True
itel,itel A95 5G (6GB RAM + 128GB),10246,72,mediatek dimensity 6300,mediatek,8,2.4,6,128,True,False,False,6.67,720,1600,120,5000,True,18.0,1,1,50.0,8.0,android,True,dedicated,dedicated,False,263.0,2.22,Lower-Mid (10k-20k),9.234642664499148,7.03,"Standard (5.0""-7.0"")",True
alcatel,Alcatel V3 Pro,13999,80,mediatek dimensity 6300,mediatek,8,2.4,8,256,True,True,False,6.67,720,1600,120,5200,True,18.0,2,1,50.0,8.0,android,True,hybrid,hybrid,False,263.0,2.22,Lower-Mid (10k-20k),9.546741177474825,5.71,"Standard (5.0""-7.0"")",True
alcatel,Alcatel V3 Classic,9999,73,mediatek dimensity 6300,mediatek,8,2.4,4,128,True,True,False,6.67,720,1600,120,5200,True,18.0,2,1,50.0,8.0,android,True,hybrid,hybrid,False,263.0,2.22,Budget (<10k),9.21024036697585,7.3,"Standard (5.0""-7.0"")",True
tecno,Tecno Pova Curve 5G,15499,78,mediatek dimensity 7300 ultimate,mediatek,8,2.5,6,128,True,True,True,6.78,1080,2436,144,5500,True,45.0,1,1,64.0,13.0,android,False,none,none,False,393.0,2.26,Lower-Mid (10k-20k),9.648530784697051,5.03,"Standard (5.0""-7.0"")",True
oppo,Oppo A5x 5G,12499,69,mediatek dimensity 6300,mediatek,8,2.4,4,128,True,False,False,6.67,720,1604,120,6000,True,45.0,1,1,32.0,5.0,android,True,hybrid,hybrid,False,263.6,2.23,Lower-Mid (10k-20k),9.433403920090221,5.52,"Standard (5.0""-7.0"")",True
vivo,Vivo T4 Lite 5G,10499,73,mediatek dimensity 6300,mediatek,8,2.4,4,128,True,False,False,6.74,720,1600,90,6000,True,15.0,2,1,50.0,5.0,android,True,dedicated,dedicated,False,260.3,2.22,Lower-Mid (10k-20k),9.259035293514941,6.95,"Standard (5.0""-7.0"")",False
alcatel,Alcatel V3 Ultra,14999,83,mediatek dimensity 6300,mediatek,8,2.4,6,128,True,True,False,6.78,1080,2460,120,5010,True,33.0,3,1,108.0,32.0,android,True,dedicated,dedicated,False,396.3,2.28,Lower-Mid (10k-20k),9.61573881119536,5.53,"Standard (5.0""-7.0"")",True
oppo,Oppo A5x 4G,8998,68,snapdragon 6s 4g gen1,snapdragon,8,2.1,4,64,False,False,True,6.67,720,1604,90,6000,True,45.0,1,1,32.0,5.0,android,True,hybrid,hybrid,False,263.6,2.23,Budget (<10k),9.104757609401117,7.56,"Standard (5.0""-7.0"")",False
lava,Lava Shark 5G,7999,58,unisoc t765,unisoc,8,2.3,4,64,True,False,False,6.75,720,1600,90,5000,True,10.0,1,1,13.0,5.0,android,True,dedicated,dedicated,False,259.9,2.22,Budget (<10k),8.987071812848821,7.25,"Standard (5.0""-7.0"")",False
vivo,Vivo Y31 5G,14699,61,mediatek dimensity 6300,mediatek,8,2.2,4,128,True,False,False,6.68,720,1620,120,6500,True,44.0,2,1,50.0,8.0,android,False,none,none,False,265.4,2.25,Lower-Mid (10k-20k),9.595534743241988,4.15,"Standard (5.0""-7.0"")",True
samsung,Samsung Galaxy S25 Edge (12GB RAM + 512GB),101999,89,snapdragon 8elite,snapdragon,8,4.47,12,512,True,True,False,6.7,1440,3120,120,3900,True,25.0,2,1,200.0,12.0,android,False,none,none,False,512.9,2.17,Premium (>=60k),11.532718288296781,0.87,"Standard (5.0""-7.0"")",True
samsung,Samsung Galaxy F56 5G (8GB RAM + 256GB),27999,80,exynos 1480,exynos,8,2.7,8,256,True,False,False,6.74,1080,2340,120,5000,True,45.0,3,1,50.0,12.0,android,False,none,none,False,382.4,2.17,Mid-Range (20k-35k),10.239924074233857,2.86,"Standard (5.0""-7.0"")",True
realme,Realme P1 Speed 5G (8GB RAM + 256GB),17999,81,mediatek dimensity 7300 e,mediatek,8,2.5,8,256,True,False,False,6.67,1080,2400,120,5000,True,45.0,2,1,50.0,16.0,android,True,hybrid,hybrid,False,394.6,2.22,Lower-Mid (10k-20k),9.798071479779479,4.5,"Standard (5.0""-7.0"")",True
lava,Lava Yuva Star 2,6497,58,unisoc 9863a,unisoc,8,1.6,4,64,False,False,True,6.75,720,1600,60,5000,True,10.0,1,1,13.0,5.0,android,True,dedicated,dedicated,False,259.9,2.22,Budget (<10k),8.77909581088053,8.93,"Standard (5.0""-7.0"")",False
realme,Realme C75 5G (6GB RAM + 128GB),12999,72,mediatek dimensity 6300,mediatek,8,2.4,6,128,True,False,False,6.67,720,1604,120,6000,True,45.0,1,1,32.0,8.0,android,True,hybrid,hybrid,False,263.6,2.23,Lower-Mid (10k-20k),9.47262771040802,5.54,"Standard (5.0""-7.0"")",True
vivo,Vivo Y19 5G (6GB RAM + 128GB),12999,70,mediatek dimensity 6300,mediatek,8,2.4,6,128,True,False,False,6.74,720,1600,90,5500,True,15.0,2,1,13.0,5.0,android,True,dedicated,dedicated,False,260.3,2.22,Lower-Mid (10k-20k),9.47262771040802,5.39,"Standard (5.0""-7.0"")",False
samsung,Samsung Galaxy M06 (4GB RAM + 64GB),8999,70,mediatek dimensity 6300,mediatek,8,2.4,4,64,True,False,False,6.74,720,1600,90,5000,True,25.0,2,1,50.0,8.0,android,True,hybrid,hybrid,False,260.3,2.22,Budget (<10k),9.104868739033948,7.78,"Standard (5.0""-7.0"")",False
motorola,Motorola Edge 60 Pro (12GB RAM + 256GB),32000,87,mediatek dimensity 8350 extreme,mediatek,8,3.35,12,256,True,True,False,6.7,1220,2712,120,6000,True,90.0,3,1,50.0,50.0,android,False,none,none,False,443.8,2.22,Mid-Range (20k-35k),10.373491181781864,2.72,"Standard (5.0""-7.0"")",True
samsung,Samsung Galaxy A26 (6GB RAM + 128GB),23499,80,exynos 1380,exynos,8,2.4,6,128,True,True,False,6.7,1080,2340,120,5000,True,25.0,3,1,50.0,13.0,android,True,hybrid,hybrid,False,384.7,2.17,Mid-Range (20k-35k),10.064713146035349,3.4,"Standard (5.0""-7.0"")",True
samsung,Samsung Galaxy F06 5G (4GB RAM + 64GB),8299,70,mediatek dimensity 6300,mediatek,8,2.4,4,64,True,False,False,6.7,720,1600,90,5000,True,25.0,2,1,50.0,8.0,android,True,hybrid,hybrid,False,261.9,2.22,Budget (<10k),9.023890304598448,8.43,"Standard (5.0""-7.0"")",False
cmf,CMF Phone 2 Pro 5G (8GB RAM + 256GB),19900,84,mediatek dimensity 7300 pro,mediatek,8,2.5,8,256,True,False,False,6.77,1080,2392,120,5000,True,33.0,3,1,50.0,16.0,android,True,hybrid,hybrid,False,387.7,2.21,Lower-Mid (10k-20k),9.898475010712584,4.22,"Standard (5.0""-7.0"")",True
oppo,Oppo K13 Turbo,23855,80,mediatek dimensity 8450,mediatek,8,3.25,8,128,True,False,True,6.8,1280,2800,120,7000,True,80.0,2,1,50.0,16.0,android,False,none,none,False,452.8,2.19,Mid-Range (20k-35k),10.079749117950207,3.35,"Standard (5.0""-7.0"")",True
realme,Realme 14T 5G (8GB RAM + 256GB),18864,81,mediatek dimensity 6300,mediatek,8,2.4,8,256,True,False,False,6.67,1080,2400,120,6000,True,45.0,2,1,50.0,16.0,android,True,hybrid,hybrid,False,394.6,2.22,Lower-Mid (10k-20k),9.845010622777153,4.29,"Standard (5.0""-7.0"")",True
poco,Poco C75 5G (4GB RAM + 128GB),8349,71,snapdragon 4s gen2,snapdragon,8,2.0,4,128,True,False,False,6.88,720,1650,120,5160,True,18.0,1,1,50.0,5.0,android,True,dedicated,dedicated,False,261.7,2.29,Budget (<10k),9.029897050194,8.5,"Standard (5.0""-7.0"")",True
vivo,Vivo T4 5G (12GB RAM + 256GB),24999,81,snapdragon 7s gen3,snapdragon,8,2.5,12,256,True,False,True,6.77,1080,2392,120,7300,True,90.0,2,1,50.0,32.0,android,False,none,none,False,387.7,2.21,Mid-Range (20k-35k),10.126591103050316,3.24,"Standard (5.0""-7.0"")",True
vivo,Vivo T4 5G (8GB RAM + 256GB),22999,80,snapdragon 7s gen3,snapdragon,8,2.5,8,256,True,False,True,6.77,1080,2392,120,7300,True,90.0,2,1,50.0,32.0,android,False,none,none,False,387.7,2.21,Mid-Range (20k-35k),10.043206015705211,3.48,"Standard (5.0""-7.0"")",True
oppo,Oppo A5 Pro 5G (8GB RAM + 256GB),19998,75,mediatek dimensity 6300,mediatek,8,2.4,8,256,True,False,False,6.67,720,1604,120,5800,True,45.0,2,1,50.0,8.0,android,False,none,none,False,263.6,2.23,Lower-Mid (10k-20k),9.903387547535795,3.75,"Standard (5.0""-7.0"")",True
oppo,Oppo K13 (8GB RAM + 256GB),19838,78,snapdragon 6 gen4,snapdragon,8,2.3,8,256,True,False,True,6.67,1080,2400,120,7000,True,80.0,2,1,50.0,16.0,android,False,none,none,False,394.6,2.22,Lower-Mid (10k-20k),9.895354569305939,3.93,"Standard (5.0""-7.0"")",True
vivo,Vivo Y19 5G (4GB RAM + 128GB),11499,68,mediatek dimensity 6300,mediatek,8,2.4,4,128,True,False,False,6.74,720,1600,90,5500,True,15.0,2,1,13.0,5.0,android,True,dedicated,dedicated,False,260.3,2.22,Lower-Mid (10k-20k),9.350015354048665,5.91,"Standard (5.0""-7.0"")",False
infinix,Infinix Note 50s 5G (8GB RAM + 256GB),18999,79,mediatek dimensity 7300 ultimate,mediatek,8,2.5,8,256,True,False,True,6.78,1080,2436,144,5500,True,45.0,2,1,64.0,13.0,android,False,none,none,False,393.0,2.26,Lower-Mid (10k-20k),9.85214162518454,4.16,"Standard (5.0""-7.0"")",True
samsung,Samsung Galaxy M56 (8GB RAM + 256GB),27999,80,exynos 1480,exynos,8,2.7,8,256,True,False,False,6.74,1080,2340,120,5000,True,45.0,3,1,50.0,12.0,android,False,none,none,False,382.4,2.17,Mid-Range (20k-35k),10.239924074233857,2.86,"Standard (5.0""-7.0"")",True
vivo,Vivo X200 FE,54999,89,mediatek dimensity 9300 plus,mediatek,8,3.25,12,256,True,True,True,6.31,1216,2640,120,6500,True,90.0,3,1,50.0,50.0,android,False,none,none,False,460.6,2.17,Upper-Mid (35k-60k),10.915070282231135,1.62,"Standard (5.0""-7.0"")",True
oneplus,OnePlus 13s 5G,51999,87,snapdragon 8 elite,snapdragon,8,4.32,12,256,True,True,True,6.32,1216,2640,120,5850,True,80.0,2,1,50.0,32.0,android,False,none,none,False,459.9,2.17,Upper-Mid (35k-60k),10.85897976660942,1.67,"Standard (5.0""-7.0"")",True
itel,itel Zeno 5G,10299,70,mediatek dimensity 6300,mediatek,8,2.4,4,128,True,False,True,6.67,720,1612,120,5000,True,18.0,1,1,50.0,8.0,android,True,dedicated,dedicated,False,264.7,2.24,Lower-Mid (10k-20k),9.239802082125802,6.8,"Standard (5.0""-7.0"")",True
xiaomi,Xiaomi Redmi A5 4G (4GB RAM + 128GB),7490,70,unisoc t7250,unisoc,8,1.8,4,128,False,False,False,6.88,720,1650,120,5200,True,15.0,1,1,32.0,8.0,android,True,dedicated,dedicated,False,261.7,2.29,Budget (<10k),8.921324076511265,9.35,"Standard (5.0""-7.0"")",True
acer,Acer Super ZX,9480,72,mediatek dimensity 6300,mediatek,8,2.4,4,128,True,False,False,6.8,1080,2400,120,5000,True,33.0,3,1,64.0,13.0,android,False,none,none,False,387.0,2.22,Budget (<10k),9.156939595249067,7.59,"Standard (5.0""-7.0"")",True
iqoo,iQOO Z10x 5G (8GB RAM + 128GB),15498,77,mediatek dimensity 7300,mediatek,8,2.5,8,128,True,False,True,6.72,1080,2408,120,6500,True,44.0,2,1,50.0,8.0,android,False,none,none,False,392.7,2.23,Lower-Mid (10k-20k),9.648466262323895,4.97,"Standard (5.0""-7.0"")",True
iqoo,iQOO Z10 5G (12GB RAM + 256GB),24998,81,snapdragon 7s gen3,snapdragon,8,2.5,12,256,True,False,True,6.77,1080,2392,120,7300,True,90.0,2,1,50.0,32.0,android,False,none,none,False,387.7,2.21,Mid-Range (20k-35k),10.126551100650167,3.24,"Standard (5.0""-7.0"")",True
iqoo,iQOO Z10 5G (8GB RAM + 256GB),22998,80,snapdragon 7s gen3,snapdragon,8,2.5,8,256,True,False,True,6.77,1080,2392,120,7300,True,90.0,2,1,50.0,32.0,android,False,none,none,False,387.7,2.21,Mid-Range (20k-35k),10.04316253460861,3.48,"Standard (5.0""-7.0"")",True
vivo,Vivo Y19 5G,10399,67,mediatek dimensity 6300,mediatek,8,2.4,4,64,True,False,False,6.74,720,1600,90,5500,True,15.0,2,1,13.0,5.0,android,True,dedicated,dedicated,False,260.3,2.22,Lower-Mid (10k-20k),9.249464926660233,6.44,"Standard (5.0""-7.0"")",False
infinix,Infinix Note 50s 5G,16999,79,mediatek dimensity 7300 ultimate,mediatek,8,2.5,8,128,True,False,True,6.78,1080,2436,144,5500,True,45.0,2,1,64.0,13.0,android,False,none,none,False,393.0,2.26,Lower-Mid (10k-20k),9.74090979777877,4.65,"Standard (5.0""-7.0"")",True
realme,Realme Narzo 80x 5G (8GB RAM + 128GB),12775,78,mediatek dimensity 6400,mediatek,8,2.5,8,128,True,False,False,6.72,1080,2400,120,6000,True,45.0,2,1,50.0,8.0,android,True,hybrid,hybrid,False,391.6,2.22,Lower-Mid (10k-20k),9.455245415071905,6.11,"Standard (5.0""-7.0"")",True
itel,itel A95 5G,10989,69,mediatek dimensity 6300,mediatek,8,2.4,4,128,True,False,False,6.67,720,1600,120,5000,True,18.0,1,1,50.0,8.0,android,True,dedicated,dedicated,False,263.0,2.22,Lower-Mid (10k-20k),9.304650051446924,6.28,"Standard (5.0""-7.0"")",True
realme,Realme Narzo 80 Pro 5G (12GB RAM + 256GB),21999,81,mediatek dimensity 7400,mediatek,8,2.6,12,256,True,False,False,6.72,1080,2392,120,6000,True,80.0,2,1,50.0,16.0,android,False,none,none,False,390.6,2.21,Mid-Range (20k-35k),9.998752276761909,3.68,"Standard (5.0""-7.0"")",True
realme,Realme Narzo 80 Pro 5G (8GB RAM + 256GB),18998,80,mediatek dimensity 7400,mediatek,8,2.6,8,256,True,False,False,6.72,1080,2392,120,6000,True,80.0,2,1,50.0,16.0,android,False,none,none,False,390.6,2.21,Lower-Mid (10k-20k),9.852088989450127,4.21,"Standard (5.0""-7.0"")",True
cmf,CMF Phone 2 Pro,17448,83,mediatek dimensity 7300 pro,mediatek,8,2.5,8,128,True,False,False,6.77,1080,2392,120,5000,True,33.0,3,1,50.0,16.0,android,True,hybrid,hybrid,False,387.7,2.21,Lower-Mid (10k-20k),9.766980307881465,4.76,"Standard (5.0""-7.0"")",True
poco,POCO C71 (6GB RAM + 128GB),6798,71,unisoc t7250,unisoc,8,1.8,6,128,False,False,False,6.88,720,1640,120,5200,True,15.0,1,1,32.0,8.0,android,True,dedicated,dedicated,False,260.3,2.28,Budget (<10k),8.824383730256061,10.44,"Standard (5.0""-7.0"")",True
motorola,Motorola Edge 60 Fusion 5G (12GB RAM + 256GB),22765,85,mediatek dimensity 7400,mediatek,8,2.5,12,256,True,False,False,6.7,1220,2712,120,5500,True,68.0,2,1,50.0,32.0,android,True,hybrid,hybrid,False,443.8,2.22,Mid-Range (20k-35k),10.032979547768882,3.73,"Standard (5.0""-7.0"")",True
lava,Lava Bold 5G (8GB RAM + 128GB),13999,79,mediatek dimensity 6300,mediatek,8,2.4,8,128,True,False,False,6.67,1080,2400,120,5000,True,33.0,2,1,64.0,16.0,android,True,hybrid,hybrid,False,394.6,2.22,Lower-Mid (10k-20k),9.546741177474825,5.64,"Standard (5.0""-7.0"")",True
lava,Lava Bold 5G (6GB RAM + 128GB),16999,77,mediatek dimensity 6300,mediatek,8,2.4,6,128,True,False,False,6.67,1080,2400,120,5000,True,33.0,2,1,64.0,16.0,android,True,hybrid,hybrid,False,394.6,2.22,Lower-Mid (10k-20k),9.74090979777877,4.53,"Standard (5.0""-7.0"")",True
lava,Lava Bold 5G,10999,74,mediatek dimensity 6300,mediatek,8,2.4,4,128,True,False,False,6.67,1080,2400,120,5000,True,33.0,2,1,64.0,16.0,android,True,hybrid,hybrid,False,394.6,2.22,Lower-Mid (10k-20k),9.305559638557117,6.73,"Standard (5.0""-7.0"")",True
realme,Realme C73,10438,70,mediatek dimensity 6300,mediatek,8,2.4,4,64,True,False,False,6.67,720,1604,120,6000,True,15.0,1,1,32.0,8.0,android,True,hybrid,hybrid,False,263.6,2.23,Lower-Mid (10k-20k),9.25320827220336,6.71,"Standard (5.0""-7.0"")",True
realme,Realme P4 5G,17499,77,mediatek dimensity 7400 ultra,mediatek,8,2.6,6,128,True,False,True,6.77,1080,2392,144,7000,True,80.0,2,1,50.0,16.0,android,False,none,none,False,387.7,2.21,Lower-Mid (10k-20k),9.769899015421748,4.4,"Standard (5.0""-7.0"")",True
vivo,Vivo V60e,26780,85,mediatek dimensity 7360 turbo,mediatek,8,2.5,8,128,True,True,True,6.77,1080,2392,120,6500,True,90.0,2,1,200.0,50.0,android,False,none,none,False,387.7,2.21,Mid-Range (20k-35k),10.195410619245164,3.17,"Standard (5.0""-7.0"")",True
poco,POCO C71,6199,67,unisoc t7250,unisoc,8,1.8,4,64,False,False,False,6.88,720,1640,120,5200,True,15.0,1,1,32.0,8.0,android,True,dedicated,dedicated,False,260.3,2.28,Budget (<10k),8.73214326770192,10.81,"Standard (5.0""-7.0"")",True
infinix,Infinix Note 50X 5G (8GB RAM + 128 GB),13499,76,mediatek dimensity 7300 ultimate,mediatek,8,2.5,8,128,True,False,True,6.67,720,1600,120,5500,True,45.0,1,1,50.0,8.0,android,True,hybrid,hybrid,False,263.0,2.22,Lower-Mid (10k-20k),9.510370887608827,5.63,"Standard (5.0""-7.0"")",True
vivo,Vivo Y39 5G (8GB RAM + 256GB),18999,74,snapdragon 4 gen2,snapdragon,8,2.2,8,256,True,False,False,6.68,720,1608,120,6500,True,44.0,2,1,50.0,8.0,android,False,none,none,False,263.7,2.23,Lower-Mid (10k-20k),9.85214162518454,3.89,"Standard (5.0""-7.0"")",True
oppo,OPPO Reno 13 5G (12GB RAM + 512GB),34999,87,mediatek dimensity 8350,mediatek,8,3.35,12,512,True,True,True,6.59,1256,2760,120,5600,True,80.0,3,1,50.0,50.0,android,False,none,none,False,460.1,2.2,Mid-Range (20k-35k),10.463074768634808,2.49,"Standard (5.0""-7.0"")",True
lava,Lava Shark,6726,67,unisoc t606,unisoc,8,1.6,4,64,False,False,True,6.67,720,1612,120,5000,True,18.0,1,1,50.0,8.0,android,True,dedicated,dedicated,False,264.7,2.24,Budget (<10k),8.813735892300215,9.96,"Standard (5.0""-7.0"")",True
samsung,Samsung Galaxy A26 (8GB RAM + 256GB),26999,83,exynos 1380,exynos,8,2.4,8,256,True,True,False,6.7,1080,2340,120,5000,True,25.0,3,1,50.0,13.0,android,True,hybrid,hybrid,False,384.7,2.17,Mid-Range (20k-35k),10.203555107263542,3.07,"Standard (5.0""-7.0"")",True
oppo,Oppo F29 Pro (12GB RAM + 256GB),23799,80,mediatek dimensity 7300,mediatek,8,2.5,12,256,True,False,False,6.7,1080,2412,120,6000,True,80.0,2,1,50.0,16.0,android,False,none,none,False,394.4,2.23,Mid-Range (20k-35k),10.077398841970112,3.36,"Standard (5.0""-7.0"")",True
oppo,Oppo F29 (8GB RAM + 256GB),18999,77,snapdragon 6 gen1,snapdragon,8,2.2,8,256,True,False,False,6.7,1080,2412,120,6500,True,45.0,2,1,50.0,16.0,android,False,none,none,False,394.4,2.23,Lower-Mid (10k-20k),9.85214162518454,4.05,"Standard (5.0""-7.0"")",True
oppo,Oppo F29 Pro (8GB RAM + 256GB),21371,79,mediatek dimensity 7300,mediatek,8,2.5,8,256,True,False,False,6.7,1080,2412,120,6000,True,80.0,2,1,50.0,16.0,android,False,none,none,False,394.4,2.23,Mid-Range (20k-35k),9.969790141790192,3.7,"Standard (5.0""-7.0"")",True
realme,Realme P3 Ultra (12GB RAM + 256GB),23999,82,mediatek dimensity 8350 ultra,mediatek,8,3.35,12,256,True,False,True,6.83,1272,2800,120,6000,True,80.0,2,1,50.0,16.0,android,False,none,none,False,450.3,2.2,Mid-Range (20k-35k),10.085767441795337,3.42,"Standard (5.0""-7.0"")",True
realme,Realme P3 Ultra (8GB RAM + 256GB),23999,81,mediatek dimensity 8350 ultra,mediatek,8,3.35,8,256,True,False,True,6.83,1272,2800,120,6000,True,80.0,2,1,50.0,16.0,android,False,none,none,False,450.3,2.2,Mid-Range (20k-35k),10.085767441795337,3.38,"Standard (5.0""-7.0"")",True
xiaomi,Xiaomi Redmi A5 4G,6499,67,unisoc t7250,unisoc,8,1.8,3,64,False,False,False,6.88,720,1650,120,5200,True,15.0,1,1,32.0,8.0,android,True,dedicated,dedicated,False,261.7,2.29,Budget (<10k),8.77940359789435,10.31,"Standard (5.0""-7.0"")",True
samsung,Samsung Galaxy S25 (12GB RAM + 128GB),68999,87,snapdragon 8elite,snapdragon,8,4.47,12,128,True,True,False,6.2,1080,2340,120,4000,True,25.0,3,1,50.0,12.0,android,False,none,none,False,415.7,2.17,Premium (>=60k),11.141847290720753,1.26,"Standard (5.0""-7.0"")",True
realme,Realme P3 5G (8GB RAM + 256GB),18499,81,snapdragon 6 gen4,snapdragon,8,2.3,8,256,True,True,False,6.67,1080,2400,120,6000,True,45.0,2,1,50.0,16.0,android,False,none,none,False,394.6,2.22,Lower-Mid (10k-20k),9.82547195555139,4.38,"Standard (5.0""-7.0"")",True
realme,Realme P3 5G (8GB RAM + 128GB),17499,80,snapdragon 6 gen4,snapdragon,8,2.3,8,128,True,True,False,6.67,1080,2400,120,6000,True,45.0,2,1,50.0,16.0,android,False,none,none,False,394.6,2.22,Lower-Mid (10k-20k),9.769899015421748,4.57,"Standard (5.0""-7.0"")",True
samsung,Samsung Galaxy F16 5G (8GB RAM + 128GB),13499,80,mediatek dimensity 6300,mediatek,8,2.4,8,128,True,True,False,6.7,1080,2340,90,5000,True,25.0,3,1,50.0,13.0,android,True,hybrid,hybrid,False,384.7,2.17,Lower-Mid (10k-20k),9.510370887608827,5.93,"Standard (5.0""-7.0"")",False
samsung,Samsung Galaxy F16 5G (6GB RAM + 128GB),11499,78,mediatek dimensity 6300,mediatek,8,2.4,6,128,True,True,False,6.7,1080,2340,90,5000,True,25.0,3,1,50.0,13.0,android,True,hybrid,hybrid,False,384.7,2.17,Lower-Mid (10k-20k),9.350015354048665,6.78,"Standard (5.0""-7.0"")",False
iqoo,iQOO Neo 10R (12GB RAM + 256GB),28998,82,snapdragon 8s gen3,snapdragon,8,3.0,12,256,True,False,True,6.78,1260,2800,144,6400,True,80.0,2,1,50.0,32.0,android,False,none,none,False,452.9,2.22,Mid-Range (20k-35k),10.274982141073139,2.83,"Standard (5.0""-7.0"")",True
iqoo,iQOO Neo 10R (8GB RAM + 256GB),26998,81,snapdragon 8s gen3,snapdragon,8,3.0,8,256,True,False,True,6.78,1260,2800,144,6400,True,80.0,2,1,50.0,32.0,android,False,none,none,False,452.9,2.22,Mid-Range (20k-35k),10.203518068168773,3.0,"Standard (5.0""-7.0"")",True
motorola,Motorola Edge 60 Stylus,20348,86,snapdragon 7s gen2,snapdragon,8,2.4,8,256,True,True,False,6.7,1220,2712,120,5000,True,68.0,2,1,50.0,32.0,android,True,dedicated,dedicated,False,443.8,2.22,Mid-Range (20k-35k),9.920737905942655,4.23,"Standard (5.0""-7.0"")",True
oppo,Oppo F31 5G,23999,78,mediatek dimensity 6300,mediatek,8,2.4,8,128,True,False,True,6.57,1080,2412,120,7000,True,80.0,2,1,50.0,16.0,android,False,none,none,False,402.2,2.23,Mid-Range (20k-35k),10.085767441795337,3.25,"Standard (5.0""-7.0"")",True
oppo,Oppo F31 Pro 5G,26999,81,mediatek dimensity 7300 energy,mediatek,8,2.5,8,128,True,False,False,6.57,1080,2372,120,7000,True,80.0,2,1,50.0,32.0,android,False,none,none,False,396.7,2.2,Mid-Range (20k-35k),10.203555107263542,3.0,"Standard (5.0""-7.0"")",True
vivo,Vivo V50e (8GB RAM +256GB),24970,82,mediatek dimensity 7300,mediatek,8,2.5,8,256,True,False,False,6.77,1080,2392,120,5600,True,90.0,2,1,50.0,50.0,android,False,none,none,False,387.7,2.21,Mid-Range (20k-35k),10.12543038327382,3.28,"Standard (5.0""-7.0"")",True
realme,Realme 14 Pro Plus (12GB RAM + 512GB),29998,86,snapdragon 7s gen3,snapdragon,8,2.5,12,512,True,False,False,6.83,1272,2800,120,6000,True,80.0,3,1,50.0,32.0,android,False,none,none,False,450.3,2.2,Mid-Range (20k-35k),10.308885991755306,2.87,"Standard (5.0""-7.0"")",True
vivo,Vivo T4x 5G (8GB RAM + 256GB),17499,78,mediatek dimensity 7300,mediatek,8,2.5,8,256,True,False,True,6.72,1080,2408,120,6500,True,44.0,2,1,50.0,8.0,android,False,none,none,False,392.7,2.23,Lower-Mid (10k-20k),9.769899015421748,4.46,"Standard (5.0""-7.0"")",True
vivo,Vivo T4x 5G (8GB RAM + 128GB),15499,77,mediatek dimensity 7300,mediatek,8,2.5,8,128,True,False,True,6.72,1080,2408,120,6500,True,44.0,2,1,50.0,8.0,android,False,none,none,False,392.7,2.23,Lower-Mid (10k-20k),9.648530784697051,4.97,"Standard (5.0""-7.0"")",True
realme,Realme 14 Pro Lite 5G (8GB RAM + 256GB),23999,81,snapdragon 7s gen 2,snapdragon,8,2.4,8,256,True,False,False,6.7,1080,2412,120,5200,True,45.0,3,1,50.0,32.0,android,False,none,none,False,394.4,2.23,Mid-Range (20k-35k),10.085767441795337,3.38,"Standard (5.0""-7.0"")",True
poco,Poco M7 5G (8GB RAM + 128GB),9949,77,snapdragon 4 gen2,snapdragon,8,2.2,8,128,True,False,False,6.88,720,1640,120,5160,True,18.0,1,1,50.0,8.0,android,True,dedicated,dedicated,False,260.3,2.28,Budget (<10k),9.20522732258936,7.74,"Standard (5.0""-7.0"")",True
nothing,Nothing Phone 3a Pro (12GB RAM + 256GB),32379,86,snapdragon 7s gen 3,snapdragon,8,2.5,12,256,True,True,False,6.77,1080,2392,120,5000,True,50.0,3,1,50.0,50.0,android,False,none,none,False,387.7,2.21,Mid-Range (20k-35k),10.385265343493456,2.66,"Standard (5.0""-7.0"")",True
nothing,Nothing Phone 3a Pro (8GB RAM + 256GB),30699,85,snapdragon 7s gen 3,snapdragon,8,2.5,8,256,True,True,False,6.77,1080,2392,120,5000,True,50.0,3,1,50.0,50.0,android,False,none,none,False,387.7,2.21,Mid-Range (20k-35k),10.331985359754865,2.77,"Standard (5.0""-7.0"")",True
nothing,Nothing Phone 3a (8GB RAM + 256GB),25499,84,snapdragon 7s gen3,snapdragon,8,2.5,8,256,True,True,False,6.77,1080,2392,120,5000,True,50.0,3,1,50.0,32.0,android,False,none,none,False,387.7,2.21,Mid-Range (20k-35k),10.146394514691288,3.29,"Standard (5.0""-7.0"")",True
samsung,Samsung Galaxy M16 5G (8GB RAM + 128GB),16998,79,mediatek dimensity 6300,mediatek,8,2.4,8,128,True,True,False,6.7,1080,2340,90,5000,True,25.0,3,1,50.0,13.0,android,True,hybrid,hybrid,False,384.7,2.17,Lower-Mid (10k-20k),9.740850969058572,4.65,"Standard (5.0""-7.0"")",False
samsung,Samsung Galaxy M16 5G (6GB RAM + 128GB),13263,78,mediatek dimensity 6300,mediatek,8,2.4,6,128,True,True,False,6.7,1080,2340,90,5000,True,25.0,3,1,50.0,13.0,android,True,hybrid,hybrid,False,384.7,2.17,Lower-Mid (10k-20k),9.492733482494353,5.88,"Standard (5.0""-7.0"")",False
samsung,Samsung Galaxy M06 (6GB RAM + 128GB),11499,74,mediatek dimensity 6300,mediatek,8,2.4,6,128,True,False,False,6.74,720,1600,90,5000,True,25.0,2,1,50.0,8.0,android,True,hybrid,hybrid,False,260.3,2.22,Lower-Mid (10k-20k),9.350015354048665,6.44,"Standard (5.0""-7.0"")",False
samsung,Samsung Galaxy A56 5G (12GB RAM + 256GB),44999,84,exynos 1580,exynos,8,2.9,12,256,True,True,False,6.7,1080,2340,120,5000,True,45.0,3,1,50.0,12.0,android,False,none,none,False,384.7,2.17,Upper-Mid (35k-60k),10.714395546283317,1.87,"Standard (5.0""-7.0"")",True
samsung,Samsung Galaxy A56 5G (8GB RAM + 256GB),41999,83,exynos 1580,exynos,8,2.9,8,256,True,True,False,6.7,1080,2340,120,5000,True,45.0,3,1,50.0,12.0,android,False,none,none,False,384.7,2.17,Upper-Mid (35k-60k),10.645401087458245,1.98,"Standard (5.0""-7.0"")",True
samsung,Samsung Galaxy A36 5G (12GB RAM + 256GB),36999,83,snapdragon 6 gen3,snapdragon,8,2.4,12,256,True,True,False,6.7,1080,2340,120,5000,True,45.0,3,1,50.0,12.0,android,False,none,none,False,384.7,2.17,Upper-Mid (35k-60k),10.518646164234097,2.24,"Standard (5.0""-7.0"")",True
samsung,Samsung Galaxy A36 5G (8GB RAM + 256GB),29450,82,snapdragon 6 gen3,snapdragon,8,2.4,8,256,True,True,False,6.7,1080,2340,120,5000,True,45.0,3,1,50.0,12.0,android,False,none,none,False,384.7,2.17,Mid-Range (20k-35k),10.290449189079732,2.78,"Standard (5.0""-7.0"")",True
samsung,Samsung Galaxy M17 5G,12499,76,exynos 1330,exynos,8,2.4,4,128,True,True,False,6.7,1080,2340,90,5000,True,25.0,3,1,50.0,13.0,android,True,hybrid,hybrid,False,384.7,2.17,Lower-Mid (10k-20k),9.433403920090221,6.08,"Standard (5.0""-7.0"")",False
apple,Apple iPhone 16e (512GB),78999,85,apple a18,apple,6,4.04,8,512,True,True,False,6.1,1170,2532,60,4005,True,20.0,1,1,48.0,12.0,ios,False,none,none,False,457.3,2.16,Premium (>=60k),11.277190473141195,1.08,"Standard (5.0""-7.0"")",False
apple,Apple iPhone 16e (256GB),61999,84,apple a18,apple,6,4.04,8,256,True,True,False,6.1,1170,2532,60,4005,True,20.0,1,1,48.0,12.0,ios,False,none,none,False,457.3,2.16,Premium (>=60k),11.034873534864897,1.35,"Standard (5.0""-7.0"")",False
samsung,Samsung Galaxy A06 5G (6GB RAM + 128GB),10527,75,mediatek dimensity 6300,mediatek,8,2.4,6,128,True,False,False,6.7,720,1600,90,5000,True,25.0,2,1,50.0,8.0,android,True,dedicated,dedicated,False,261.9,2.22,Lower-Mid (10k-20k),9.261698664251325,7.12,"Standard (5.0""-7.0"")",False
samsung,Samsung Galaxy A06 5G (4GB RAM + 128GB),8899,73,mediatek dimensity 6300,mediatek,8,2.4,4,128,True,False,False,6.7,720,1600,90,5000,True,25.0,2,1,50.0,8.0,android,True,dedicated,dedicated,False,261.9,2.22,Budget (<10k),9.093694189856862,8.2,"Standard (5.0""-7.0"")",False
realme,Realme P3x 5G (8GB RAM + 128GB),12788,79,mediatek dimensity 6400,mediatek,8,2.5,8,128,True,False,False,6.72,1080,2400,120,6000,True,45.0,2,1,50.0,8.0,android,True,hybrid,hybrid,False,391.6,2.22,Lower-Mid (10k-20k),9.456262510179732,6.18,"Standard (5.0""-7.0"")",True
realme,Realme P3 Pro 5G (12GB RAM +256GB),23899,81,snapdragon 7s gen3,snapdragon,8,2.5,12,256,True,False,False,6.83,1272,2800,120,6000,True,80.0,2,1,50.0,16.0,android,False,none,none,False,450.3,2.2,Mid-Range (20k-35k),10.08159189604006,3.39,"Standard (5.0""-7.0"")",True
realme,Realme P3 Pro 5G (8GB RAM +256GB),19999,80,snapdragon 7s gen3,snapdragon,8,2.5,8,256,True,False,False,6.83,1272,2800,120,6000,True,80.0,2,1,50.0,16.0,android,False,none,none,False,450.3,2.2,Lower-Mid (10k-20k),9.903437551286085,4.0,"Standard (5.0""-7.0"")",True
vivo,Vivo V50 5G (12GB RAM + 512GB),37999,86,snapdragon 7 gen3,snapdragon,8,2.63,12,512,True,False,False,6.77,1080,2392,120,6000,True,90.0,2,1,50.0,50.0,android,False,none,none,False,387.7,2.21,Upper-Mid (35k-60k),10.545315122572783,2.26,"Standard (5.0""-7.0"")",True
vivo,Vivo V50 5G (8GB RAM + 256GB),30499,84,snapdragon 7 gen3,snapdragon,8,2.63,8,256,True,False,False,6.77,1080,2392,120,6000,True,90.0,2,1,50.0,50.0,android,False,none,none,False,387.7,2.21,Mid-Range (20k-35k),10.325449175172755,2.75,"Standard (5.0""-7.0"")",True
vivo,Vivo V60 5G,36999,86,snapdragon 7 gen4,snapdragon,8,2.8,8,128,True,True,True,6.77,1080,2392,120,6500,True,90.0,3,1,50.0,50.0,android,False,none,none,False,387.7,2.21,Upper-Mid (35k-60k),10.518646164234097,2.32,"Standard (5.0""-7.0"")",True
samsung,Samsung Galaxy F06 5G (6GB RAM + 128GB),10799,74,mediatek dimensity 6300,mediatek,8,2.4,6,128,True,False,False,6.7,720,1600,90,5000,True,25.0,2,1,50.0,8.0,android,True,hybrid,hybrid,False,261.9,2.22,Lower-Mid (10k-20k),9.28720881623276,6.85,"Standard (5.0""-7.0"")",False
realme,Realme P4 Pro 5G,23399,73,snapdragon 7 gen 4,snapdragon,8,2.8,8,128,True,False,True,6.8,1280,2800,144,7000,True,80.0,2,1,50.0,50.0,android,False,none,none,False,452.8,2.19,Mid-Range (20k-35k),10.06044856538989,3.12,"Standard (5.0""-7.0"")",True
nothing,Nothing Phone 3a Pro,26422,84,snapdragon 7s gen 3,snapdragon,8,2.5,8,128,True,True,False,6.77,1080,2392,120,5000,True,50.0,3,1,50.0,50.0,android,False,none,none,False,387.7,2.21,Mid-Range (20k-35k),10.181952275438299,3.18,"Standard (5.0""-7.0"")",True
lava,Lava Yuva Smart,6099,61,unisoc sc9863a,unisoc,8,1.6,3,64,False,False,False,6.75,720,1600,60,5000,True,10.0,1,1,13.0,5.0,android,True,dedicated,dedicated,False,259.9,2.22,Budget (<10k),8.715880102296456,10.0,"Standard (5.0""-7.0"")",False
lava,Lava Yuva 4 (4GB RAM + 128GB),7198,67,unisoc t606,unisoc,8,1.6,4,128,False,False,False,6.56,1600,720,90,5000,True,10.0,1,1,50.0,8.0,android,True,dedicated,dedicated,False,267.5,0.45,Budget (<10k),8.881558488638976,9.31,"Standard (5.0""-7.0"")",False
realme,Realme 14T 5G,16948,80,mediatek dimensity 6300,mediatek,8,2.4,8,128,True,False,False,6.67,1080,2400,120,6000,True,45.0,2,1,50.0,16.0,android,True,hybrid,hybrid,False,394.6,2.22,Lower-Mid (10k-20k),9.73790511174645,4.72,"Standard (5.0""-7.0"")",True
samsung,Samsung Galaxy S25 Edge,89999,89,snapdragon 8elite,snapdragon,8,4.47,12,256,True,True,False,6.7,1440,3120,120,3900,True,25.0,2,1,200.0,12.0,android,False,none,none,False,512.9,2.17,Premium (>=60k),11.407553838139561,0.99,"Standard (5.0""-7.0"")",True
samsung,Samsung Galaxy S25 (12GB RAM + 512GB),92999,87,snapdragon 8elite,snapdragon,8,4.47,12,512,True,True,False,6.2,1080,2340,120,4000,True,25.0,3,1,50.0,12.0,android,False,none,none,False,415.7,2.17,Premium (>=60k),11.44034401938941,0.94,"Standard (5.0""-7.0"")",True
samsung,Samsung Galaxy S25 Plus (12GB RAM + 512GB),86999,88,snapdragon 8elite,snapdragon,8,4.47,12,512,True,True,False,6.7,1440,3120,120,4900,True,45.0,3,1,50.0,12.0,android,False,none,none,False,512.9,2.17,Premium (>=60k),11.373651903317787,1.01,"Standard (5.0""-7.0"")",True
samsung,Samsung Galaxy S25 Ultra (12GB RAM + 1TB),165999,94,snapdragon 8 elite for galaxy,snapdragon,8,4.47,12,1024,True,True,False,6.9,1440,3120,120,5000,True,45.0,1,1,200.0,12.0,android,False,none,none,False,498.0,2.17,Premium (>=60k),12.01973704322415,0.57,"Standard (5.0""-7.0"")",True
samsung,Samsung Galaxy S25 Ultra (12GB RAM + 512GB),141999,93,snapdragon 8 elite for galaxy,snapdragon,8,4.47,12,512,True,True,False,6.9,1440,3120,120,5000,True,45.0,1,1,200.0,12.0,android,False,none,none,False,498.0,2.17,Premium (>=60k),11.86357529430508,0.65,"Standard (5.0""-7.0"")",True
tecno,Tecno Spark 30C 5G (8GB RAM + 128GB),12999,75,mediatek dimensity 6300,mediatek,8,2.4,8,128,True,True,True,6.67,720,1600,120,5000,True,18.0,1,1,48.0,8.0,android,True,dedicated,dedicated,False,263.0,2.22,Lower-Mid (10k-20k),9.47262771040802,5.77,"Standard (5.0""-7.0"")",True
samsung,Samsung Galaxy A14 4G (6GB RAM + 128 GB),9699,74,exynos 850,exynos,8,2.0,6,128,False,False,False,6.6,1080,2408,60,5000,True,15.0,3,1,50.0,13.0,android,True,dedicated,dedicated,False,399.9,2.23,Budget (<10k),9.179778066393542,7.63,"Standard (5.0""-7.0"")",False
realme,Realme P3x 5G,11747,76,mediatek dimensity 6400,mediatek,8,2.5,6,128,True,False,False,6.72,1080,2400,120,6000,True,45.0,2,1,50.0,8.0,android,True,hybrid,hybrid,False,391.6,2.22,Lower-Mid (10k-20k),9.371353167823885,6.47,"Standard (5.0""-7.0"")",True
realme,Realme 14 Pro 5G (8GB RAM + 256GB),27890,80,mediatek dimensity 7300 energy,mediatek,8,2.5,8,256,True,False,False,6.77,1080,2392,120,6000,True,45.0,2,1,50.0,16.0,android,False,none,none,False,387.7,2.21,Mid-Range (20k-35k),10.236023480621535,2.87,"Standard (5.0""-7.0"")",True
realme,Realme 14 Pro Plus (12GB RAM + 256GB),28999,85,snapdragon 7s gen3,snapdragon,8,2.5,12,256,True,False,False,6.83,1272,2800,120,6000,True,80.0,3,1,50.0,32.0,android,False,none,none,False,450.3,2.2,Mid-Range (20k-35k),10.275016625615446,2.93,"Standard (5.0""-7.0"")",True
realme,Realme 14 Pro Plus (8GB RAM + 256GB),23490,84,snapdragon 7s gen3,snapdragon,8,2.5,8,256,True,False,False,6.83,1272,2800,120,6000,True,80.0,3,1,50.0,32.0,android,False,none,none,False,450.3,2.2,Mid-Range (20k-35k),10.064330077652958,3.58,"Standard (5.0""-7.0"")",True
oppo,Oppo A5 (2025),15498,76,mediatek dimensity 6300,mediatek,8,2.4,6,128,True,True,False,6.67,720,1604,120,6000,True,45.0,2,1,50.0,8.0,android,True,hybrid,hybrid,False,263.6,2.23,Lower-Mid (10k-20k),9.648466262323895,4.9,"Standard (5.0""-7.0"")",True
itel,itel Zeno 10 (4GB RAM + 64GB),6499,56,unisoc t603,unisoc,8,1.8,4,64,False,False,False,6.6,720,1612,60,5000,True,10.0,1,1,8.0,5.0,android,True,dedicated,dedicated,False,267.5,2.24,Budget (<10k),8.77940359789435,8.62,"Standard (5.0""-7.0"")",False
poco,Poco X7 5G (8GB RAM + 256GB),19449,82,mediatek dimensity 7300 ultra,mediatek,8,2.5,8,256,True,True,True,6.67,1220,2712,120,5500,True,45.0,3,1,50.0,20.0,android,False,none,none,False,445.8,2.22,Lower-Mid (10k-20k),9.875550933843105,4.22,"Standard (5.0""-7.0"")",True
poco,Poco X7 Pro (12GB RAM + 256GB),23899,84,mediatek dimensity 8400 ultra,mediatek,8,3.25,12,256,True,True,True,6.67,1220,2712,120,6550,True,90.0,2,1,50.0,20.0,android,False,none,none,False,445.8,2.22,Mid-Range (20k-35k),10.08159189604006,3.51,"Standard (5.0""-7.0"")",True
oppo,OPPO Reno 13 5G (8GB+256GB),31999,85,mediatek dimensity 8350,mediatek,8,3.35,8,256,True,True,True,6.59,1256,2760,120,5600,True,80.0,3,1,50.0,50.0,android,False,none,none,False,460.1,2.2,Mid-Range (20k-35k),10.373459931293572,2.66,"Standard (5.0""-7.0"")",True
oppo,OPPO Reno 13 Pro 5G (12GB RAM + 512GB),54999,89,mediatek dimensity 8350,mediatek,8,3.35,12,512,True,True,True,6.83,1272,2800,120,5800,True,80.0,3,1,50.0,50.0,android,False,none,none,False,450.3,2.2,Upper-Mid (35k-60k),10.915070282231135,1.62,"Standard (5.0""-7.0"")",True
oneplus,OnePlus 13 (16GB RAM+ 512GB),70999,92,snapdragon 8 elite,snapdragon,8,4.32,16,512,True,True,True,6.82,1440,3168,120,6000,True,100.0,3,1,50.0,32.0,android,False,none,none,False,510.3,2.2,Premium (>=60k),11.170421071417223,1.3,"Standard (5.0""-7.0"")",True
oneplus,OnePlus 13R (16GB RAM + 512GB),43999,88,snapdragon 8 gen3,snapdragon,8,3.3,16,512,True,True,True,6.78,1264,2780,120,6000,True,80.0,3,1,50.0,16.0,android,False,none,none,False,450.4,2.2,Upper-Mid (35k-60k),10.691922185369403,2.0,"Standard (5.0""-7.0"")",True
itel,itel A90,6599,61,unisoc t7100,unisoc,8,1.8,4,64,False,False,False,6.6,720,1612,90,5000,True,15.0,1,1,13.0,5.0,android,True,dedicated,dedicated,False,267.5,2.24,Budget (<10k),8.794673401383422,9.24,"Standard (5.0""-7.0"")",False
realme,Realme GT 7T,28945,85,mediatek dimensity 8400-max,mediatek,8,3.25,8,256,True,True,True,6.8,1280,2800,120,7000,True,120.0,2,1,50.0,32.0,android,False,none,none,False,452.8,2.19,Mid-Range (20k-35k),10.273152756513104,2.94,"Standard (5.0""-7.0"")",True
xiaomi,Xiaomi Redmi 14C 5G (4GB RAM + 128GB),9998,72,snapdragon 4 gen2,snapdragon,8,2.2,4,128,True,False,False,6.88,720,1640,120,5160,True,18.0,1,1,50.0,8.0,android,True,dedicated,dedicated,False,260.3,2.28,Budget (<10k),9.210140351973516,7.2,"Standard (5.0""-7.0"")",True
xiaomi,Xiaomi Redmi 14C 5G (6GB RAM + 128GB),10998,74,snapdragon 4 gen2,snapdragon,8,2.2,6,128,True,False,False,6.88,720,1640,120,5160,True,18.0,1,1,50.0,8.0,android,True,dedicated,dedicated,False,260.3,2.28,Lower-Mid (10k-20k),9.30546871706776,6.73,"Standard (5.0""-7.0"")",True
tecno,Tecno Pop 9 5G (8GB RAM + 128GB),9399,77,mediatek dimensity 6300,mediatek,8,2.4,8,128,True,True,True,6.67,720,1612,120,5000,True,18.0,1,1,48.0,8.0,android,True,dedicated,dedicated,False,264.7,2.24,Budget (<10k),9.148358579620302,8.19,"Standard (5.0""-7.0"")",True
itel,itel Zeno 10,5999,55,unisoc t603,unisoc,8,1.8,3,64,False,False,False,6.6,720,1612,60,5000,True,10.0,1,1,8.0,5.0,android,True,dedicated,dedicated,False,267.5,2.24,Budget (<10k),8.699348067653093,9.17,"Standard (5.0""-7.0"")",False
motorola,Motorola Razr 60 Ultra,89998,93,snapdragon 8 elite,snapdragon,8,4.32,16,512,True,True,False,6.96,1224,2992,165,4700,True,68.0,2,1,50.0,50.0,android,False,none,none,False,464.5,2.44,Premium (>=60k),11.407542726843262,1.03,"Standard (5.0""-7.0"")",True
infinix,Infinix Smart 9 HD,6699,65,mediatek helio g50,mediatek,8,2.2,3,64,False,False,True,6.7,720,1600,90,5000,True,10.0,1,1,13.0,8.0,android,True,dedicated,dedicated,False,261.9,2.22,Budget (<10k),8.809713540508268,9.7,"Standard (5.0""-7.0"")",False
vivo,Vivo Y29 5G (8GB RAM+256GB),18999,78,mediatek dimensity 6300,mediatek,8,2.4,8,256,True,False,False,6.68,720,1608,120,5500,True,44.0,2,1,50.0,8.0,android,True,hybrid,hybrid,False,263.7,2.23,Lower-Mid (10k-20k),9.85214162518454,4.11,"Standard (5.0""-7.0"")",True
vivo,Vivo Y29 5G (8GB RAM+128GB),16999,77,mediatek dimensity 6300,mediatek,8,2.4,8,128,True,False,False,6.68,720,1608,120,5500,True,44.0,2,1,50.0,8.0,android,True,hybrid,hybrid,False,263.7,2.23,Lower-Mid (10k-20k),9.74090979777877,4.53,"Standard (5.0""-7.0"")",True
vivo,Vivo Y29 5G (6GB+128GB),15499,74,mediatek dimensity 6300,mediatek,8,2.4,6,128,True,False,False,6.68,720,1608,120,5500,True,44.0,2,1,50.0,8.0,android,True,hybrid,hybrid,False,263.7,2.23,Lower-Mid (10k-20k),9.648530784697051,4.77,"Standard (5.0""-7.0"")",True
realme,Realme 15x 5G,16979,78,mediatek dimensity 6300,mediatek,8,2.4,6,128,True,False,False,6.81,720,1570,144,7000,True,60.0,2,1,50.0,50.0,android,True,hybrid,hybrid,False,253.6,2.18,Lower-Mid (10k-20k),9.739732565316011,4.59,"Standard (5.0""-7.0"")",True
apple,Apple iPhone 16e,51499,83,apple a18,apple,6,4.04,8,128,True,True,False,6.1,1170,2532,60,4005,True,20.0,1,1,48.0,12.0,ios,False,none,none,False,457.3,2.16,Upper-Mid (35k-60k),10.849317668987577,1.61,"Standard (5.0""-7.0"")",False
realme,Realme 14x (8GB RAM + 128GB),13970,76,mediatek dimensity 6300,mediatek,8,2.4,8,128,True,False,False,6.67,720,1604,120,6000,True,45.0,2,1,50.0,8.0,android,True,hybrid,hybrid,False,263.6,2.23,Lower-Mid (10k-20k),9.544667452251007,5.44,"Standard (5.0""-7.0"")",True
poco,Poco M7 Pro 5G (8GB RAM + 256GB),14799,80,mediatek dimensity 7025 ultra,mediatek,8,2.5,8,256,True,False,True,6.67,1080,2400,120,5110,True,45.0,2,1,50.0,20.0,android,True,hybrid,hybrid,False,394.6,2.22,Lower-Mid (10k-20k),9.602314889901848,5.41,"Standard (5.0""-7.0"")",True
realme,Realme P3 Ultra,22999,81,mediatek dimensity 8350 ultra,mediatek,8,3.35,8,128,True,False,True,6.83,1272,2800,120,6000,True,80.0,2,1,50.0,16.0,android,False,none,none,False,450.3,2.2,Mid-Range (20k-35k),10.043206015705211,3.52,"Standard (5.0""-7.0"")",True
lava,Lava O3 (3GB RAM + 64GB),5799,55,unisoc 9863a,unisoc,8,1.6,3,64,False,False,False,6.75,1600,720,60,5000,True,10.0,1,1,13.0,5.0,android,True,hybrid,hybrid,False,259.9,0.45,Budget (<10k),8.66544076787644,9.48,"Standard (5.0""-7.0"")",False
lava,Lava Blaze Duo (8GB RAM + 128GB),17999,79,mediatek dimensity 7025,mediatek,8,2.5,8,128,True,False,False,6.67,1080,2400,120,5000,True,33.0,2,1,64.0,16.0,android,False,none,none,False,394.6,2.22,Lower-Mid (10k-20k),9.798071479779479,4.39,"Standard (5.0""-7.0"")",True
vivo,Vivo X200 (16GB RAM + 512GB),71999,91,mediatek dimensity 9400,mediatek,8,3.63,16,512,True,True,True,6.67,1260,2800,120,5800,True,90.0,3,1,50.0,32.0,android,False,none,none,False,460.3,2.22,Premium (>=60k),11.184407509012852,1.26,"Standard (5.0""-7.0"")",True
lava,Lava O3 Pro,6349,69,unisoc t606,unisoc,8,1.6,4,128,False,False,False,6.56,1600,720,90,5000,True,10.0,1,1,50.0,8.0,android,True,hybrid,hybrid,False,267.5,0.45,Budget (<10k),8.75605259917045,10.87,"Standard (5.0""-7.0"")",False
lava,Lava Blaze Duo,16999,77,mediatek dimensity 7025,mediatek,8,2.5,6,128,True,False,False,6.67,1080,2400,120,5000,True,33.0,2,1,64.0,16.0,android,False,none,none,False,394.6,2.22,Lower-Mid (10k-20k),9.74090979777877,4.53,"Standard (5.0""-7.0"")",True
xiaomi,Xiaomi Redmi Note 14 (8GB RAM + 256GB),16521,85,mediatek dimensity 7025 ultra,mediatek,8,2.5,8,256,True,True,True,6.67,1080,2400,120,5110,True,45.0,3,1,50.0,20.0,android,True,hybrid,hybrid,False,394.6,2.22,Lower-Mid (10k-20k),9.712387577930592,5.14,"Standard (5.0""-7.0"")",True
xiaomi,Xiaomi Redmi Note 14 (8GB RAM + 128GB),15019,84,mediatek dimensity 7025 ultra,mediatek,8,2.5,8,128,True,True,True,6.67,1080,2400,120,5110,True,45.0,3,1,50.0,20.0,android,True,hybrid,hybrid,False,394.6,2.22,Lower-Mid (10k-20k),9.61707134520558,5.59,"Standard (5.0""-7.0"")",True
xiaomi,Xiaomi Redmi Note 14 Pro (8GB RAM + 256GB),22880,82,mediatek dimensity 7300 ultra,mediatek,8,2.5,8,256,True,True,True,6.67,1220,2712,120,5500,True,45.0,3,1,50.0,20.0,android,False,none,none,False,445.8,2.22,Mid-Range (20k-35k),10.038018445493734,3.58,"Standard (5.0""-7.0"")",True
xiaomi,Xiaomi Redmi Note 14 Pro Plus (12GB RAM + 512GB),31240,85,snapdragon 7s gen3,snapdragon,8,2.5,12,512,True,True,True,6.67,1220,2712,120,6200,True,90.0,3,1,50.0,20.0,android,False,none,none,False,445.8,2.22,Mid-Range (20k-35k),10.349454603953623,2.72,"Standard (5.0""-7.0"")",True
poco,Poco C75 5G,7799,69,snapdragon 4s gen2,snapdragon,8,2.0,4,64,True,False,False,6.88,720,1650,120,5160,True,18.0,1,1,50.0,5.0,android,True,dedicated,dedicated,False,261.7,2.29,Budget (<10k),8.961750799330497,8.85,"Standard (5.0""-7.0"")",True
iqoo,iQOO Neo 10R,24998,81,snapdragon 8s gen3,snapdragon,8,3.0,8,128,True,False,True,6.78,1260,2800,144,6400,True,80.0,2,1,50.0,32.0,android,False,none,none,False,452.9,2.22,Mid-Range (20k-35k),10.126551100650167,3.24,"Standard (5.0""-7.0"")",True
samsung,Samsung Galaxy A16 5G (6GB RAM + 128GB),13796,78,mediatek dimensity 6300,mediatek,8,2.4,6,128,True,True,False,6.7,1080,2340,90,5000,True,25.0,3,1,50.0,13.0,android,True,hybrid,hybrid,False,384.7,2.17,Lower-Mid (10k-20k),9.532133974056732,5.65,"Standard (5.0""-7.0"")",False
vivo,Vivo Y300 5G (8 GB RAM+256 GB),22999,82,snapdragon 4 gen2,snapdragon,8,2.2,8,256,True,False,False,6.67,1080,2400,120,5000,True,80.0,2,1,50.0,32.0,android,True,hybrid,hybrid,False,394.6,2.22,Mid-Range (20k-35k),10.043206015705211,3.57,"Standard (5.0""-7.0"")",True
oppo,Oppo Find X8 5G (16GB RAM + 512GB),69990,91,mediatek dimensity 9400,mediatek,8,3.63,16,512,True,True,True,6.59,1256,2760,120,5630,True,80.0,3,1,50.0,32.0,android,False,none,none,False,460.1,2.2,Premium (>=60k),11.156107653683586,1.3,"Standard (5.0""-7.0"")",True
samsung,Samsung Galaxy Z Flip 7 FE 5G,89999,89,exynos 2400,exynos,8,3.2,8,128,True,True,False,6.7,1080,2640,120,4000,True,25.0,2,1,50.0,10.0,android,False,none,none,False,425.7,2.44,Premium (>=60k),11.407553838139561,0.99,"Standard (5.0""-7.0"")",True
xiaomi,Xiaomi Redmi A4 5G (4GB RAM + 128GB),8599,71,snapdragon 4s gen2,snapdragon,8,2.0,4,128,True,False,False,6.88,720,1640,120,5160,True,18.0,1,1,50.0,5.0,android,True,dedicated,dedicated,False,260.3,2.28,Budget (<10k),9.059401196410896,8.26,"Standard (5.0""-7.0"")",True
vivo,Vivo Y400 5G,21559,79,snapdragon 4 gen2,snapdragon,8,2.2,8,128,True,False,False,6.67,1080,2400,120,6000,True,90.0,2,1,50.0,32.0,android,False,none,none,False,394.6,2.22,Mid-Range (20k-35k),9.978548641758007,3.66,"Standard (5.0""-7.0"")",True
xiaomi,Xiaomi Redmi A3x (4GB RAM + 64GB),6787,63,unisoc t603,unisoc,8,1.8,4,64,False,False,False,6.71,720,1650,90,5000,True,10.0,2,1,8.0,5.0,android,True,dedicated,dedicated,False,268.3,2.29,Budget (<10k),8.822764296703758,9.28,"Standard (5.0""-7.0"")",False
realme,Realme 14x 5G,12990,74,mediatek dimensity 6300,mediatek,8,2.4,6,128,True,False,False,6.67,720,1604,120,6000,True,45.0,2,1,50.0,8.0,android,True,hybrid,hybrid,False,263.6,2.23,Lower-Mid (10k-20k),9.471935109664646,5.7,"Standard (5.0""-7.0"")",True
realme,Realme C75 5G,11699,70,mediatek dimensity 6300,mediatek,8,2.4,4,128,True,False,False,6.67,720,1604,120,6000,True,45.0,1,1,32.0,8.0,android,True,hybrid,hybrid,False,263.6,2.23,Lower-Mid (10k-20k),9.367258647047601,5.98,"Standard (5.0""-7.0"")",True
realme,Realme 14 Pro Lite 5G,17980,80,snapdragon 7s gen 2,snapdragon,8,2.4,8,128,True,False,False,6.7,1080,2412,120,5200,True,45.0,3,1,50.0,32.0,android,False,none,none,False,394.4,2.23,Lower-Mid (10k-20k),9.79701530802561,4.45,"Standard (5.0""-7.0"")",True
tecno,TECNO Spark GO 1 (3GB RAM + 64GB),6899,61,unisoc t615,unisoc,8,1.8,3,64,False,False,True,6.67,720,1600,120,5000,True,15.0,1,1,13.0,8.0,android,True,dedicated,dedicated,False,263.0,2.22,Budget (<10k),8.839131752546109,8.84,"Standard (5.0""-7.0"")",True
oppo,Oppo A5 Pro 5G,17998,74,mediatek dimensity 6300,mediatek,8,2.4,8,128,True,False,False,6.67,720,1604,120,5800,True,45.0,2,1,50.0,8.0,android,False,none,none,False,263.6,2.23,Lower-Mid (10k-20k),9.798015919593894,4.11,"Standard (5.0""-7.0"")",True
honor,Honor X9c,21998,82,snapdragon 6 gen1,snapdragon,8,2.2,8,256,True,True,True,6.78,1224,2700,120,6600,True,66.0,2,1,108.0,16.0,android,False,none,none,False,437.2,2.21,Mid-Range (20k-35k),9.998706819117062,3.73,"Standard (5.0""-7.0"")",True
oppo,OPPO A3x 4G (4GB RAM + 128GB),8999,57,snapdragon 6s gen1 4g,snapdragon,8,2.1,4,128,False,False,False,6.67,720,1604,90,5100,True,45.0,1,1,8.0,5.0,android,True,hybrid,hybrid,False,263.6,2.23,Budget (<10k),9.104868739033948,6.33,"Standard (5.0""-7.0"")",False
iqoo,iQOO 13 (16GB RAM + 512GB),59999,90,snapdragon 8 elite,snapdragon,8,4.32,16,512,True,True,True,6.82,1440,3168,144,6000,True,120.0,3,1,50.0,32.0,android,False,none,none,False,510.3,2.2,Upper-Mid (35k-60k),11.002083174398681,1.5,"Standard (5.0""-7.0"")",True
samsung,Samsung Galaxy A06 5G,8663,71,mediatek dimensity 6300,mediatek,8,2.4,4,64,True,False,False,6.7,720,1600,90,5000,True,25.0,2,1,50.0,8.0,android,True,dedicated,dedicated,False,261.9,2.22,Budget (<10k),9.06681636189014,8.2,"Standard (5.0""-7.0"")",False
vivo,Vivo Y29 5G,13999,74,mediatek dimensity 6300,mediatek,8,2.4,4,128,True,False,False,6.68,720,1608,120,5500,True,44.0,2,1,50.0,8.0,android,True,hybrid,hybrid,False,263.7,2.23,Lower-Mid (10k-20k),9.546741177474825,5.29,"Standard (5.0""-7.0"")",True
iqoo,iQOO Z10x 5G (8GB RAM + 256GB),16998,78,mediatek dimensity 7300,mediatek,8,2.5,8,256,True,False,True,6.72,1080,2408,120,6500,True,44.0,2,1,50.0,8.0,android,False,none,none,False,392.7,2.23,Lower-Mid (10k-20k),9.740850969058572,4.59,"Standard (5.0""-7.0"")",True
samsung,Samsung Galaxy A26 5G,23999,82,exynos 1380,exynos,8,2.4,8,128,True,True,False,6.7,1080,2340,120,5000,True,25.0,3,1,50.0,13.0,android,True,hybrid,hybrid,False,384.7,2.17,Mid-Range (20k-35k),10.085767441795337,3.42,"Standard (5.0""-7.0"")",True
vivo,Vivo Y19e,7999,63,unisoc t7225,unisoc,8,1.8,4,64,False,False,False,6.74,720,1600,90,5500,True,15.0,2,1,13.0,5.0,android,True,dedicated,dedicated,False,260.3,2.22,Budget (<10k),8.987071812848821,7.88,"Standard (5.0""-7.0"")",False
oppo,OPPO Reno 14 Pro 5G,51999,90,mediatek dimensity 8450,mediatek,8,3.25,12,256,True,True,True,6.83,1272,2800,120,6200,True,80.0,3,1,50.0,50.0,android,False,none,none,False,450.3,2.2,Upper-Mid (35k-60k),10.85897976660942,1.73,"Standard (5.0""-7.0"")",True
oppo,OPPO Reno 14 5G,39999,86,mediatek dimensity 8350,mediatek,8,3.35,8,256,True,False,True,6.59,1256,2760,120,6000,True,80.0,3,1,50.0,50.0,android,False,none,none,False,460.1,2.2,Upper-Mid (35k-60k),10.596609732783568,2.15,"Standard (5.0""-7.0"")",True
realme,Realme P1 Speed 5G (12GB RAM + 256GB),18890,82,mediatek dimensity 7300 e,mediatek,8,2.5,12,256,True,False,False,6.67,1080,2400,120,5000,True,45.0,2,1,50.0,16.0,android,True,hybrid,hybrid,False,394.6,2.22,Lower-Mid (10k-20k),9.846387960495555,4.34,"Standard (5.0""-7.0"")",True
tecno,Tecno Spark 30C 5G (4GB RAM + 64GB),9999,71,mediatek dimensity 6300,mediatek,8,2.4,4,64,True,True,True,6.67,720,1600,120,5000,True,18.0,1,1,48.0,8.0,android,True,dedicated,dedicated,False,263.0,2.22,Budget (<10k),9.21024036697585,7.1,"Standard (5.0""-7.0"")",True
realme,Realme P1 Speed 5G,16974,81,mediatek dimensity 7300 e,mediatek,8,2.5,8,128,True,False,False,6.67,1080,2400,120,5000,True,45.0,2,1,50.0,16.0,android,True,hybrid,hybrid,False,394.6,2.22,Lower-Mid (10k-20k),9.739438040529622,4.77,"Standard (5.0""-7.0"")",True
samsung,Samsung Galaxy A17 5G,16890,79,exynos 1330,exynos,8,2.4,6,128,True,True,False,6.7,1080,2340,90,5000,True,25.0,3,1,50.0,13.0,android,True,hybrid,hybrid,False,384.7,2.17,Lower-Mid (10k-20k),9.734477009801846,4.68,"Standard (5.0""-7.0"")",False
samsung,Samsung Galaxy A36 5G,30999,81,snapdragon 6 gen3,snapdragon,8,2.4,8,128,True,True,False,6.7,1080,2340,120,5000,True,45.0,3,1,50.0,12.0,android,False,none,none,False,384.7,2.17,Mid-Range (20k-35k),10.341710224882465,2.61,"Standard (5.0""-7.0"")",True
lava,Lava Agni 3 5G (8GB RAM + 256GB),20999,82,mediatek dimensity 7300x,mediatek,8,2.5,8,256,True,False,False,6.78,1200,2652,120,5000,True,66.0,3,1,50.0,16.0,android,False,none,none,False,429.3,2.21,Mid-Range (20k-35k),9.952230096524119,3.9,"Standard (5.0""-7.0"")",True
tecno,Tecno Spark 30C 5G,10499,72,mediatek dimensity 6300,mediatek,8,2.4,4,128,True,True,True,6.67,720,1600,120,5000,True,18.0,1,1,48.0,8.0,android,True,dedicated,dedicated,False,263.0,2.22,Lower-Mid (10k-20k),9.259035293514941,6.86,"Standard (5.0""-7.0"")",True
google,Google Pixel 10 Pro Fold,172999,83,tensor g5,tensor,8,3.78,16,256,True,True,False,8.0,2076,2152,120,5015,True,30.0,3,2,48.0,10.0,android,False,none,none,False,373.8,1.04,Premium (>=60k),12.061041093116389,0.48,"Large/Foldable (>7.0"")",True
vivo,Vivo V40e 5G (8GB RAM + 256GB),30999,82,mediatek dimensity 7300,mediatek,8,2.5,8,256,True,False,False,6.77,1080,2392,120,5500,True,80.0,2,1,50.0,50.0,android,False,none,none,False,387.7,2.21,Mid-Range (20k-35k),10.341710224882465,2.65,"Standard (5.0""-7.0"")",True
motorola,Motorola Razr 60 5G,48999,89,mediatek dimensity 7400x,mediatek,8,2.6,8,256,True,True,False,6.9,1080,2640,120,4500,True,30.0,2,1,50.0,32.0,android,False,none,none,False,413.4,2.44,Upper-Mid (35k-60k),10.799555168721248,1.82,"Standard (5.0""-7.0"")",True
samsung,Samsung Galaxy M15 5G Prime Edition (8GB RAM +128GB),16999,79,mediatek dimensity 6100 plus,mediatek,8,2.2,8,128,True,False,False,6.5,1080,2340,90,6000,True,25.0,3,1,50.0,13.0,android,True,hybrid,hybrid,False,396.5,2.17,Lower-Mid (10k-20k),9.74090979777877,4.65,"Standard (5.0""-7.0"")",False
samsung,Samsung Galaxy M15 5G Prime Edition (6GB RAM +128GB),14999,76,mediatek dimensity 6100 plus,mediatek,8,2.2,6,128,True,False,False,6.5,1080,2340,90,6000,True,25.0,3,1,50.0,13.0,android,True,hybrid,hybrid,False,396.5,2.17,Lower-Mid (10k-20k),9.61573881119536,5.07,"Standard (5.0""-7.0"")",False
tecno,Tecno Pop 9 5G (4GB RAM + 128GB),8199,74,mediatek dimensity 6300,mediatek,8,2.4,4,128,True,True,True,6.67,720,1612,120,5000,True,18.0,1,1,48.0,8.0,android,True,dedicated,dedicated,False,264.7,2.24,Budget (<10k),9.011767474596178,9.03,"Standard (5.0""-7.0"")",True
vivo,Vivo V50e 5G,23498,81,mediatek dimensity 7300,mediatek,8,2.5,8,128,True,False,False,6.77,1080,2392,120,5600,True,90.0,2,1,50.0,50.0,android,False,none,none,False,387.7,2.21,Mid-Range (20k-35k),10.064670590127518,3.45,"Standard (5.0""-7.0"")",True
samsung,Samsung Galaxy M55s 5G (8GB RAM + 256GB),21990,84,snapdragon 7 gen1,snapdragon,8,2.4,8,256,True,True,False,6.7,1080,2400,120,5000,True,45.0,3,1,50.0,50.0,android,True,hybrid,hybrid,False,392.8,2.22,Mid-Range (20k-35k),9.998343083548807,3.82,"Standard (5.0""-7.0"")",True
samsung,Samsung Galaxy S24 FE (256GB),38888,85,exynos 2400e,exynos,10,3.11,8,256,True,True,False,6.7,1080,2340,120,4700,True,25.0,3,1,50.0,10.0,android,False,none,none,False,384.7,2.17,Upper-Mid (35k-60k),10.568440998725292,2.19,"Standard (5.0""-7.0"")",True
tecno,Tecno Pop 9 5G,11489,73,mediatek dimensity 6300,mediatek,8,2.4,4,64,True,True,True,6.67,720,1612,120,5000,True,18.0,1,1,48.0,8.0,android,True,dedicated,dedicated,False,264.7,2.24,Lower-Mid (10k-20k),9.349145334853365,6.35,"Standard (5.0""-7.0"")",True
oneplus,OnePlus 13 (24GB RAM+ 1TB),83999,93,snapdragon 8 elite,snapdragon,8,4.32,24,1024,True,True,True,6.82,1440,3168,120,6000,True,100.0,3,1,50.0,32.0,android,False,none,none,False,510.3,2.2,Premium (>=60k),11.338560172992684,1.11,"Standard (5.0""-7.0"")",True
vivo,Vivo T4 Ultra,36790,85,mediatek dimensity 9300 plus,mediatek,8,3.25,8,256,True,True,False,6.67,1260,2800,120,5500,True,90.0,3,1,50.0,32.0,android,False,none,none,False,460.3,2.22,Upper-Mid (35k-60k),10.51298134809882,2.31,"Standard (5.0""-7.0"")",True
vivo,Vivo X Fold 5 5G,149998,94,snapdragon 8 gen3,snapdragon,8,3.3,16,512,True,True,True,8.03,2200,2480,120,6000,True,80.0,3,2,50.0,20.0,android,False,none,none,False,412.8,1.13,Premium (>=60k),11.91837723965617,0.63,"Large/Foldable (>7.0"")",True
realme,Realme P2 Pro (12GB RAM + 512GB),27987,82,snapdragon 7s gen 2,snapdragon,8,2.4,12,512,True,False,False,6.7,1080,2412,120,5200,True,80.0,2,1,50.0,32.0,android,False,none,none,False,394.4,2.23,Mid-Range (20k-35k),10.23949539562907,2.93,"Standard (5.0""-7.0"")",True
realme,Realme P2 Pro (12GB RAM + 256GB),19999,82,snapdragon 7s gen 2,snapdragon,8,2.4,12,256,True,False,False,6.7,1080,2412,120,5200,True,80.0,2,1,50.0,32.0,android,False,none,none,False,394.4,2.23,Lower-Mid (10k-20k),9.903437551286085,4.1,"Standard (5.0""-7.0"")",True
tecno,Tecno Pova 6 Neo 5G (8GB RAM + 256GB),13999,76,mediatek dimensity 6300,mediatek,8,2.4,8,256,True,True,True,6.67,720,1600,120,5000,True,18.0,2,1,108.0,8.0,android,True,dedicated,dedicated,False,263.0,2.22,Lower-Mid (10k-20k),9.546741177474825,5.43,"Standard (5.0""-7.0"")",True
infinix,Infinix Hot 60 5G,10499,74,mediatek dimensity 7020,mediatek,8,2.2,6,128,True,False,False,6.7,720,1600,120,5200,True,18.0,1,1,50.0,8.0,android,True,hybrid,hybrid,False,261.9,2.22,Lower-Mid (10k-20k),9.259035293514941,7.05,"Standard (5.0""-7.0"")",True
realme,Realme P3 Pro 5G,18998,79,snapdragon 7s gen3,snapdragon,8,2.5,8,128,True,False,False,6.83,1272,2800,120,6000,True,80.0,2,1,50.0,16.0,android,False,none,none,False,450.3,2.2,Lower-Mid (10k-20k),9.852088989450127,4.16,"Standard (5.0""-7.0"")",True
realme,Realme P3 5G,16899,79,snapdragon 6 gen4,snapdragon,8,2.3,6,128,True,True,False,6.67,1080,2400,120,6000,True,45.0,2,1,50.0,16.0,android,False,none,none,False,394.6,2.22,Lower-Mid (10k-20k),9.735009727562824,4.67,"Standard (5.0""-7.0"")",True
apple,Apple iPhone 16 Pro Max (1TB),167900,89,apple a18 pro,apple,6,4.05,8,1024,True,True,False,6.9,1320,2868,120,4685,True,27.0,3,1,48.0,12.0,ios,False,none,none,False,457.6,2.17,Premium (>=60k),12.031123843065632,0.53,"Standard (5.0""-7.0"")",True
apple,Apple iPhone 16 Pro Max (512GB),154900,89,apple a18 pro,apple,6,4.05,8,512,True,True,False,6.9,1320,2868,120,4685,True,27.0,3,1,48.0,12.0,ios,False,none,none,False,457.6,2.17,Premium (>=60k),11.95053502640496,0.57,"Standard (5.0""-7.0"")",True
apple,Apple iPhone 16 Pro (1TB),159900,89,apple a18 pro,apple,6,4.05,8,1024,True,True,False,6.3,1206,2622,120,3582,True,27.0,3,1,48.0,12.0,ios,False,none,none,False,458.1,2.17,Premium (>=60k),11.982303898822046,0.56,"Standard (5.0""-7.0"")",True
apple,Apple iPhone 16 Pro (512GB),139900,89,apple a18 pro,apple,6,4.05,8,512,True,True,False,6.3,1206,2622,120,3582,True,27.0,3,1,48.0,12.0,ios,False,none,none,False,458.1,2.17,Premium (>=60k),11.848683160653573,0.64,"Standard (5.0""-7.0"")",True
apple,Apple iPhone 16 Pro (256GB),119900,88,apple a18 pro,apple,6,4.05,8,256,True,True,False,6.3,1206,2622,120,3582,True,27.0,3,1,48.0,12.0,ios,False,none,none,False,458.1,2.17,Premium (>=60k),11.694413341015606,0.73,"Standard (5.0""-7.0"")",True
apple,Apple iPhone 16 Plus (512GB),109900,84,apple a18,apple,6,4.04,8,512,True,True,False,6.7,1290,2796,60,4674,True,20.0,2,1,48.0,12.0,ios,False,none,none,False,459.6,2.17,Premium (>=60k),11.607326140391713,0.76,"Standard (5.0""-7.0"")",False
apple,Apple iPhone 16 Plus (256GB),89900,83,apple a18,apple,6,4.04,8,256,True,True,False,6.7,1290,2796,60,4674,True,20.0,2,1,48.0,12.0,ios,False,none,none,False,459.6,2.17,Premium (>=60k),11.406453220459712,0.92,"Standard (5.0""-7.0"")",False
apple,Apple iPhone 16 (512GB),92999,86,apple a18,apple,6,4.04,8,512,True,True,False,6.1,1179,2556,60,3561,True,20.0,2,1,48.0,12.0,ios,False,none,none,False,461.4,2.17,Premium (>=60k),11.44034401938941,0.92,"Standard (5.0""-7.0"")",False
apple,Apple iPhone 16 (256GB),76490,85,apple a18,apple,6,4.04,8,256,True,True,False,6.1,1179,2556,60,3561,True,20.0,2,1,48.0,12.0,ios,False,none,none,False,461.4,2.17,Premium (>=60k),11.244915292315913,1.11,"Standard (5.0""-7.0"")",False
realme,Realme Narzo 70 Turbo 5G (12GB RAM + 256GB),22990,82,mediatek dimensity 7300 energy,mediatek,8,2.5,12,256,True,False,False,6.67,1080,2400,120,5000,True,45.0,2,1,50.0,16.0,android,True,hybrid,hybrid,False,394.6,2.22,Mid-Range (20k-35k),10.042814617757227,3.57,"Standard (5.0""-7.0"")",True
realme,Realme Narzo 70 Turbo 5G (8GB RAM +128GB),16990,80,mediatek dimensity 7300 energy,mediatek,8,2.5,8,128,True,False,False,6.67,1080,2400,120,5000,True,45.0,2,1,50.0,16.0,android,True,hybrid,hybrid,False,394.6,2.22,Lower-Mid (10k-20k),9.740380214665977,4.71,"Standard (5.0""-7.0"")",True
vivo,Vivo Y39 5G,16899,74,snapdragon 4 gen2,snapdragon,8,2.2,8,128,True,False,False,6.68,720,1608,120,6500,True,44.0,2,1,50.0,8.0,android,False,none,none,False,263.7,2.23,Lower-Mid (10k-20k),9.735009727562824,4.38,"Standard (5.0""-7.0"")",True
infinix,Infinix Hot 50 5G (8 GB RAM + 128 GB),10999,77,mediatek dimensity 6300,mediatek,8,2.4,8,128,True,False,False,6.7,720,1600,120,5000,True,18.0,1,1,48.0,8.0,android,True,hybrid,hybrid,False,261.9,2.22,Lower-Mid (10k-20k),9.305559638557117,7.0,"Standard (5.0""-7.0"")",True
tecno,Tecno Pova 6 Neo 5G,11999,74,mediatek dimensity 6300,mediatek,8,2.4,6,128,True,True,True,6.67,720,1600,120,5000,True,18.0,2,1,108.0,8.0,android,True,dedicated,dedicated,False,263.0,2.22,Lower-Mid (10k-20k),9.392578591964389,6.17,"Standard (5.0""-7.0"")",True
realme,Realme C63 (4GB RAM +64GB),8499,70,unisoc t612,unisoc,8,1.8,4,64,False,False,False,6.75,720,1600,90,5000,True,45.0,1,1,50.0,8.0,android,True,dedicated,dedicated,False,259.9,2.22,Budget (<10k),9.047703788498627,8.24,"Standard (5.0""-7.0"")",False
vivo,Vivo Y300 Plus,19999,80,snapdragon 695,snapdragon,8,2.2,8,128,True,False,False,6.78,2400,1080,120,5000,True,44.0,2,1,50.0,32.0,android,True,hybrid,hybrid,False,388.2,0.45,Lower-Mid (10k-20k),9.903437551286085,4.0,"Standard (5.0""-7.0"")",True
samsung,Samsung Galaxy A06 (4GB RAM + 128GB),8999,71,mediatek helio g85,mediatek,8,2.0,4,128,False,False,False,6.74,720,1600,60,5000,True,25.0,2,1,50.0,8.0,android,True,dedicated,dedicated,False,260.3,2.22,Budget (<10k),9.104868739033948,7.89,"Standard (5.0""-7.0"")",False
vivo,Vivo T3 Ultra (12GB RAM + 256GB),31999,84,mediatek dimensity 9200 plus,mediatek,8,3.35,12,256,True,False,False,6.78,1260,2800,120,5500,True,80.0,2,1,50.0,50.0,android,False,none,none,False,452.9,2.22,Mid-Range (20k-35k),10.373459931293572,2.63,"Standard (5.0""-7.0"")",True
vivo,Vivo T3 Ultra (8GB RAM + 256GB),29999,83,mediatek dimensity 9200 plus,mediatek,8,3.35,8,256,True,False,False,6.78,1260,2800,120,5500,True,80.0,2,1,50.0,50.0,android,False,none,none,False,452.9,2.22,Mid-Range (20k-35k),10.308919326755392,2.77,"Standard (5.0""-7.0"")",True
realme,Realme 13 Plus 5G (12GB RAM + 256GB),19990,84,mediatek dimensity 7300 e,mediatek,8,2.5,12,256,True,True,False,6.67,1080,2400,120,5000,True,80.0,2,1,50.0,16.0,android,True,hybrid,hybrid,False,394.6,2.22,Lower-Mid (10k-20k),9.902987427494446,4.2,"Standard (5.0""-7.0"")",True
realme,Realme 13 Plus 5G (8GB RAM + 256GB),18489,83,mediatek dimensity 7300 e,mediatek,8,2.5,8,256,True,True,False,6.67,1080,2400,120,5000,True,80.0,2,1,50.0,16.0,android,True,hybrid,hybrid,False,394.6,2.22,Lower-Mid (10k-20k),9.824931239630352,4.49,"Standard (5.0""-7.0"")",True
realme,Realme 13 5G (8GB RAM +256GB),16700,80,mediatek dimensity 6300,mediatek,8,2.4,8,256,True,False,False,6.72,1080,2400,120,5000,True,45.0,2,1,50.0,16.0,android,True,hybrid,hybrid,False,391.6,2.22,Lower-Mid (10k-20k),9.723163998404846,4.79,"Standard (5.0""-7.0"")",True
google,Google Pixel 10 Pro,104300,83,tensor g5,tensor,8,3.78,16,256,True,True,False,6.3,1280,2856,120,4870,True,30.0,3,1,50.0,42.0,android,False,none,none,False,496.8,2.23,Premium (>=60k),11.555026640988864,0.8,"Standard (5.0""-7.0"")",True
google,Google Pixel 10 Pro XL,124500,84,tensor g5,tensor,8,3.78,16,256,True,True,False,6.8,1344,2992,120,5200,True,45.0,3,1,50.0,42.0,android,False,none,none,False,482.4,2.23,Premium (>=60k),11.732060994886899,0.67,"Standard (5.0""-7.0"")",True
tecno,Tecno Pova 7 5G,13749,76,mediatek dimensity 7300 ultimate,mediatek,8,2.5,8,128,True,True,True,6.78,1080,2460,144,6000,True,45.0,1,1,50.0,13.0,android,True,hybrid,hybrid,False,396.3,2.28,Lower-Mid (10k-20k),9.528721373177234,5.53,"Standard (5.0""-7.0"")",True
vivo,Vivo T3 Pro (8GB RAM + 256GB),24999,81,snapdragon 7 gen3,snapdragon,8,2.63,8,256,True,False,False,6.77,1080,2392,120,5500,True,80.0,2,1,50.0,16.0,android,False,none,none,False,387.7,2.21,Mid-Range (20k-35k),10.126591103050316,3.24,"Standard (5.0""-7.0"")",True
infinix,Infinix Hot 50 5G,9999,74,mediatek dimensity 6300,mediatek,8,2.4,4,128,True,False,False,6.7,720,1600,120,5000,True,18.0,1,1,48.0,8.0,android,True,hybrid,hybrid,False,261.9,2.22,Budget (<10k),9.21024036697585,7.4,"Standard (5.0""-7.0"")",True
infinix,Infinix Note 40 Pro Plus Racing Edition,24999,86,mediatek dimensity 7020,mediatek,8,2.2,12,256,True,True,True,6.78,1080,2436,120,4600,True,100.0,3,1,108.0,32.0,android,False,none,none,False,393.0,2.26,Mid-Range (20k-35k),10.126591103050316,3.44,"Standard (5.0""-7.0"")",True
vivo,Vivo T3 Ultra,24445,82,mediatek dimensity 9200 plus,mediatek,8,3.35,8,128,True,False,False,6.78,1260,2800,120,5500,True,80.0,2,1,50.0,50.0,android,False,none,none,False,452.9,2.22,Mid-Range (20k-35k),10.104180975012746,3.35,"Standard (5.0""-7.0"")",True
infinix,Infinix Note 40 Pro Racing Edition,21999,84,mediatek dimensity 7020,mediatek,8,2.2,8,256,True,True,True,6.78,1080,2436,120,5000,True,45.0,3,1,108.0,32.0,android,False,none,none,False,393.0,2.26,Mid-Range (20k-35k),9.998752276761909,3.82,"Standard (5.0""-7.0"")",True
realme,Realme Narzo 70 Turbo 5G,14960,79,mediatek dimensity 7300 energy,mediatek,8,2.5,6,128,True,False,False,6.67,1080,2400,120,5000,True,45.0,2,1,50.0,16.0,android,True,hybrid,hybrid,False,394.6,2.22,Lower-Mid (10k-20k),9.613135251528469,5.28,"Standard (5.0""-7.0"")",True
tecno,Tecno Spark Go 1,7299,62,unisoc t615,unisoc,8,1.8,4,64,False,False,True,6.67,720,1600,120,5000,True,15.0,1,1,13.0,8.0,android,True,dedicated,dedicated,False,263.0,2.22,Budget (<10k),8.895492631451633,8.49,"Standard (5.0""-7.0"")",True
itel,itel A50 (3GB RAM + 64GB),6099,51,unisoc t603,unisoc,8,1.6,3,64,False,False,False,6.6,720,1612,90,5000,True,10.0,1,1,8.0,5.0,android,True,dedicated,dedicated,False,267.5,2.24,Budget (<10k),8.715880102296456,8.36,"Standard (5.0""-7.0"")",False
iqoo,iQOO Z9s (12GB RAM + 256GB),22999,82,mediatek dimensity 7300,mediatek,8,2.5,12,256,True,False,False,6.77,1080,2392,120,5500,True,44.0,2,1,50.0,16.0,android,False,none,none,False,387.7,2.21,Mid-Range (20k-35k),10.043206015705211,3.57,"Standard (5.0""-7.0"")",True
iqoo,iQOO Z9s (8GB RAM + 256GB),23999,81,mediatek dimensity 7300,mediatek,8,2.5,8,256,True,False,False,6.77,1080,2392,120,5500,True,44.0,2,1,50.0,16.0,android,False,none,none,False,387.7,2.21,Mid-Range (20k-35k),10.085767441795337,3.38,"Standard (5.0""-7.0"")",True
iqoo,iQOO Z9s Pro (12GB RAM + 256GB),29890,83,snapdragon 7 gen3,snapdragon,8,2.63,12,256,True,False,False,6.77,1080,2392,120,5500,True,80.0,2,1,50.0,16.0,android,False,none,none,False,387.7,2.21,Mid-Range (20k-35k),10.305279255277984,2.78,"Standard (5.0""-7.0"")",True
iqoo,iQOO Z9s Pro (8GB RAM + 256GB),29990,82,snapdragon 7 gen3,snapdragon,8,2.63,8,256,True,False,False,6.77,1080,2392,120,5500,True,80.0,2,1,50.0,16.0,android,False,none,none,False,387.7,2.21,Mid-Range (20k-35k),10.308619271743055,2.73,"Standard (5.0""-7.0"")",True
motorola,Motorola Moto G45 5G (8GB RAM + 128GB),11998,79,snapdragon 6s gen3,snapdragon,8,2.3,8,128,True,False,False,6.5,720,1600,120,5000,True,20.0,2,1,50.0,16.0,android,True,hybrid,hybrid,False,269.9,2.22,Lower-Mid (10k-20k),9.392495248213038,6.58,"Standard (5.0""-7.0"")",True
oppo,Oppo F29,19488,77,snapdragon 6 gen1,snapdragon,8,2.2,8,128,True,False,False,6.7,1080,2412,120,6500,True,45.0,2,1,50.0,16.0,android,False,none,none,False,394.4,2.23,Lower-Mid (10k-20k),9.877554170509624,3.95,"Standard (5.0""-7.0"")",True
oppo,Oppo A3 5G 2024,13999,75,mediatek dimensity 6300,mediatek,8,2.4,6,128,True,False,False,6.67,720,1604,120,5100,True,45.0,1,1,50.0,5.0,android,True,hybrid,hybrid,False,263.6,2.23,Lower-Mid (10k-20k),9.546741177474825,5.36,"Standard (5.0""-7.0"")",True
realme,Realme C65 5G (8GB RAM + 128GB),13989,76,mediatek dimensity 6300,mediatek,8,2.4,8,128,True,False,False,6.67,720,1604,120,5000,True,15.0,1,1,50.0,8.0,android,True,hybrid,hybrid,False,263.6,2.23,Lower-Mid (10k-20k),9.546026585476431,5.43,"Standard (5.0""-7.0"")",True
xiaomi,Xiaomi Redmi A3x (4GB RAM + 128GB),6499,64,unisoc t603,unisoc,8,1.8,4,128,False,False,False,6.71,720,1650,90,5000,True,10.0,2,1,8.0,5.0,android,True,dedicated,dedicated,False,268.3,2.29,Budget (<10k),8.77940359789435,9.85,"Standard (5.0""-7.0"")",False
vivo,Vivo T4 Pro 5G,27160,82,snapdragon 7 gen4,snapdragon,8,2.8,8,128,True,False,True,6.77,1080,2392,120,6500,True,90.0,3,1,50.0,32.0,android,False,none,none,False,387.7,2.21,Mid-Range (20k-35k),10.209500581672632,3.02,"Standard (5.0""-7.0"")",True
oppo,OPPO F27 (8GB RAM + 256GB),22999,82,mediatek dimensity 6300,mediatek,8,2.4,8,256,True,False,False,6.67,1080,2412,120,5000,True,45.0,2,1,50.0,32.0,android,True,hybrid,hybrid,False,396.2,2.23,Mid-Range (20k-35k),10.043206015705211,3.57,"Standard (5.0""-7.0"")",True
vivo,Vivo Y28s 5G (8GB RAM + 128GB),15999,78,mediatek dimensity 6300,mediatek,8,2.4,8,128,True,False,False,6.56,720,1612,90,5000,True,15.0,2,1,50.0,8.0,android,True,hybrid,hybrid,False,269.1,2.24,Lower-Mid (10k-20k),9.680281499268713,4.88,"Standard (5.0""-7.0"")",False
motorola,Motorola Moto G35 5G,10079,77,unisoc t760,unisoc,8,2.2,4,128,True,False,False,6.72,1080,2400,120,5000,True,18.0,2,1,50.0,16.0,android,True,hybrid,hybrid,False,391.6,2.22,Lower-Mid (10k-20k),9.218209330354878,7.64,"Standard (5.0""-7.0"")",True
motorola,Motorola Moto G45 5G,10709,74,snapdragon 6s gen3,snapdragon,8,2.3,4,128,True,False,False,6.5,720,1600,120,5000,True,20.0,2,1,50.0,16.0,android,True,hybrid,hybrid,False,269.9,2.22,Lower-Mid (10k-20k),9.278839788400875,6.91,"Standard (5.0""-7.0"")",True
realme,Realme 15 5G,23999,74,mediatek dimensity 7300 plus,mediatek,8,2.5,8,128,True,False,False,6.8,1280,2800,144,7000,True,80.0,2,1,50.0,50.0,android,False,none,none,False,452.8,2.19,Mid-Range (20k-35k),10.085767441795337,3.08,"Standard (5.0""-7.0"")",True
realme,Realme 15 Pro 5G,30399,84,snapdragon 7 gen4,snapdragon,8,2.8,8,128,True,False,False,6.8,1280,2800,144,7000,True,80.0,2,1,50.0,50.0,android,False,none,none,False,452.8,2.19,Mid-Range (20k-35k),10.322164992116427,2.76,"Standard (5.0""-7.0"")",True
google,Google Pixel 9 Pro XL (16GB RAM + 512GB),119999,91,tensor g4,tensor,8,3.1,16,512,True,True,False,6.8,1344,2992,120,5060,True,37.0,3,1,50.0,42.0,android,False,none,none,False,482.4,2.23,Premium (>=60k),11.695238688396127,0.76,"Standard (5.0""-7.0"")",True
itel,itel A50C,5498,48,unisoc t603,unisoc,8,1.8,2,32,False,False,False,6.56,720,1612,60,4000,True,5.0,1,1,8.0,5.0,android,True,dedicated,dedicated,False,269.1,2.24,Budget (<10k),8.612139668725192,8.73,"Standard (5.0""-7.0"")",False
oppo,OPPO A3x 4G,8999,56,snapdragon 6s gen1 4g,snapdragon,8,2.1,4,64,False,False,False,6.67,720,1604,90,5100,True,45.0,1,1,8.0,5.0,android,True,hybrid,hybrid,False,263.6,2.23,Budget (<10k),9.104868739033948,6.22,"Standard (5.0""-7.0"")",False
realme,Realme C63 5G (8GB RAM + 128GB),12990,76,mediatek dimensity 6300,mediatek,8,2.4,8,128,True,False,False,6.67,720,1604,120,5000,True,10.0,1,1,32.0,8.0,android,True,hybrid,hybrid,False,263.6,2.23,Lower-Mid (10k-20k),9.471935109664646,5.85,"Standard (5.0""-7.0"")",True
realme,Realme C63 5G (6GB RAM + 128GB),10999,74,mediatek dimensity 6300,mediatek,8,2.4,6,128,True,False,False,6.67,720,1604,120,5000,True,10.0,1,1,32.0,8.0,android,True,hybrid,hybrid,False,263.6,2.23,Lower-Mid (10k-20k),9.305559638557117,6.73,"Standard (5.0""-7.0"")",True
apple,Apple iPhone Air,116900,77,apple a19 pro,apple,6,4.26,8,256,True,True,False,6.5,1260,2736,120,3149,True,27.0,1,1,48.0,18.0,ios,False,none,none,False,463.4,2.17,Premium (>=60k),11.66907414746016,0.66,"Standard (5.0""-7.0"")",True
vivo,Vivo V50 5G,29949,83,snapdragon 7 gen3,snapdragon,8,2.63,8,128,True,False,False,6.77,1080,2392,120,6000,True,90.0,2,1,50.0,50.0,android,False,none,none,False,387.7,2.21,Mid-Range (20k-35k),10.307251214004534,2.77,"Standard (5.0""-7.0"")",True
itel,itel A50,6746,53,unisoc t603,unisoc,8,1.6,4,64,False,False,False,6.6,720,1612,90,5000,True,10.0,1,1,8.0,5.0,android,True,dedicated,dedicated,False,267.5,2.24,Budget (<10k),8.816705015621595,7.86,"Standard (5.0""-7.0"")",False
tecno,Tecno POP 9 4G,6499,55,mediatek helio g50,mediatek,8,2.2,3,64,False,False,True,6.67,720,1600,90,5000,True,15.0,1,1,13.0,8.0,android,True,dedicated,dedicated,False,263.0,2.22,Budget (<10k),8.77940359789435,8.46,"Standard (5.0""-7.0"")",False
oppo,OPPO A3x 5G (4GB RAM + 64GB),9738,66,mediatek dimensity 6300,mediatek,8,2.4,4,64,True,False,False,6.67,720,1604,120,5100,True,45.0,1,1,8.0,5.0,android,True,hybrid,hybrid,False,263.6,2.23,Budget (<10k),9.183791036742646,6.78,"Standard (5.0""-7.0"")",True
vivo,Vivo V40 Pro 5G (12GB RAM + 512GB),47999,88,mediatek dimensity 9200 plus,mediatek,8,3.35,12,512,True,False,False,6.78,1260,2800,120,5500,True,80.0,3,1,50.0,50.0,android,False,none,none,False,452.9,2.22,Upper-Mid (35k-60k),10.778935456339678,1.83,"Standard (5.0""-7.0"")",True
vivo,Vivo V40 5G (12GB RAM + 512GB),42947,86,snapdragon 7 gen3,snapdragon,8,2.63,12,512,True,False,False,6.78,1260,2800,120,5500,True,80.0,2,1,50.0,50.0,android,False,none,none,False,452.9,2.22,Upper-Mid (35k-60k),10.667722076311636,2.0,"Standard (5.0""-7.0"")",True
vivo,Vivo V40 5G (8GB RAM + 256GB),36999,84,snapdragon 7 gen3,snapdragon,8,2.63,8,256,True,False,False,6.78,1260,2800,120,5500,True,80.0,2,1,50.0,50.0,android,False,none,none,False,452.9,2.22,Upper-Mid (35k-60k),10.518646164234097,2.27,"Standard (5.0""-7.0"")",True
infinix,Infinix Note 50X 5G,11999,74,mediatek dimensity 7300 ultimate,mediatek,8,2.5,6,128,True,False,True,6.67,720,1600,120,5500,True,45.0,1,1,50.0,8.0,android,True,hybrid,hybrid,False,263.0,2.22,Lower-Mid (10k-20k),9.392578591964389,6.17,"Standard (5.0""-7.0"")",True
poco,Poco M7 Plus 5G,12990,76,snapdragon 6s gen3,snapdragon,8,2.3,6,128,True,False,True,6.9,1080,2340,144,7000,True,33.0,1,1,50.0,8.0,android,True,hybrid,hybrid,False,373.5,2.17,Lower-Mid (10k-20k),9.471935109664646,5.85,"Standard (5.0""-7.0"")",True
oppo,OPPO K13x 5G,10939,73,mediatek dimensity 6300,mediatek,8,2.4,4,128,True,False,False,6.67,720,1604,120,6000,True,45.0,2,1,50.0,8.0,android,True,hybrid,hybrid,False,263.6,2.23,Lower-Mid (10k-20k),9.30008966411979,6.67,"Standard (5.0""-7.0"")",True
motorola,Motorola Edge 60 5G,25875,88,mediatek dimensity 7400,mediatek,8,2.6,12,256,True,True,False,6.7,1220,2712,120,5500,True,68.0,3,1,50.0,50.0,android,True,hybrid,hybrid,False,443.8,2.22,Mid-Range (20k-35k),10.16103253056767,3.4,"Standard (5.0""-7.0"")",True
realme,Realme 14 Pro 5G,22999,79,mediatek dimensity 7300 energy,mediatek,8,2.5,8,128,True,False,False,6.77,1080,2392,120,6000,True,45.0,2,1,50.0,16.0,android,False,none,none,False,387.7,2.21,Mid-Range (20k-35k),10.043206015705211,3.43,"Standard (5.0""-7.0"")",True
realme,Realme 14 Pro Plus 5G,27999,83,snapdragon 7s gen3,snapdragon,8,2.5,8,128,True,False,False,6.83,1272,2800,120,6000,True,80.0,3,1,50.0,32.0,android,False,none,none,False,450.3,2.2,Mid-Range (20k-35k),10.239924074233857,2.96,"Standard (5.0""-7.0"")",True
realme,Realme C63 5G,9999,73,mediatek dimensity 6300,mediatek,8,2.4,4,128,True,False,False,6.67,720,1604,120,5000,True,10.0,1,1,32.0,8.0,android,True,hybrid,hybrid,False,263.6,2.23,Budget (<10k),9.21024036697585,7.3,"Standard (5.0""-7.0"")",True
realme,Realme Narzo N65 5G (8GB RAM + 128GB),13876,76,mediatek dimensity 6300,mediatek,8,2.4,8,128,True,False,False,6.67,720,1604,120,5000,True,15.0,1,1,50.0,8.0,android,True,hybrid,hybrid,False,263.6,2.23,Lower-Mid (10k-20k),9.53791600808964,5.48,"Standard (5.0""-7.0"")",True
infinix,Infinix Note 40X 5G (12GB RAM +256GB),15999,84,mediatek dimensity 6300,mediatek,8,2.4,12,256,True,True,False,6.78,1080,2406,120,5000,True,18.0,2,1,108.0,8.0,android,True,dedicated,dedicated,False,389.0,2.23,Lower-Mid (10k-20k),9.680281499268713,5.25,"Standard (5.0""-7.0"")",True
iqoo,iQOO Z9s Pro 5G,24999,82,snapdragon 7 gen3,snapdragon,8,2.63,8,128,True,False,False,6.77,1080,2392,120,5500,True,80.0,2,1,50.0,16.0,android,False,none,none,False,387.7,2.21,Mid-Range (20k-35k),10.126591103050316,3.28,"Standard (5.0""-7.0"")",True
oneplus,OnePlus Open 5G Apex Edition,149998,94,snapdragon 8 gen2,snapdragon,8,3.2,16,1024,True,True,True,7.82,2268,2440,120,4805,True,67.0,3,2,64.0,32.0,android,False,none,none,False,426.0,1.08,Premium (>=60k),11.91837723965617,0.63,"Large/Foldable (>7.0"")",True
poco,Poco M6 Plus 5G (8GB RAM + 128GB),10299,81,snapdragon 4 gen2 ae,snapdragon,8,2.3,8,128,True,False,True,6.79,1080,2460,120,5030,True,33.0,2,1,108.0,13.0,android,True,hybrid,hybrid,False,395.7,2.28,Lower-Mid (10k-20k),9.239802082125802,7.86,"Standard (5.0""-7.0"")",True
nothing,Nothing Phone 2a Plus (12GB RAM + 256GB),24599,85,mediatek dimensity 7350 pro 5g,mediatek,8,3.0,12,256,True,True,False,6.7,1084,2412,120,5000,True,50.0,2,1,50.0,50.0,android,False,none,none,False,394.7,2.23,Mid-Range (20k-35k),10.1104610706877,3.46,"Standard (5.0""-7.0"")",True
realme,Realme 13 Pro Plus 5G (12GB RAM + 256GB),26999,84,snapdragon 7s gen2,snapdragon,8,2.4,12,256,True,False,False,6.7,1080,2412,120,5200,True,80.0,3,1,50.0,32.0,android,False,none,none,False,394.4,2.23,Mid-Range (20k-35k),10.203555107263542,3.11,"Standard (5.0""-7.0"")",True
realme,Realme 13 Pro Plus 5G (12GB RAM + 512GB),28999,85,snapdragon 7s gen2,snapdragon,8,2.4,12,512,True,False,False,6.7,1080,2412,120,5200,True,80.0,3,1,50.0,32.0,android,False,none,none,False,394.4,2.23,Mid-Range (20k-35k),10.275016625615446,2.93,"Standard (5.0""-7.0"")",True
realme,Realme 13 Pro 5G (12GB RAM + 512GB),26999,83,snapdragon 7s gen2,snapdragon,8,2.4,12,512,True,False,False,6.7,1080,2412,120,5200,True,45.0,3,1,50.0,32.0,android,False,none,none,False,394.4,2.23,Mid-Range (20k-35k),10.203555107263542,3.07,"Standard (5.0""-7.0"")",True
realme,Realme 13 Pro 5G (8GB RAM + 256GB),20999,81,snapdragon 7s gen2,snapdragon,8,2.4,8,256,True,False,False,6.7,1080,2412,120,5200,True,45.0,3,1,50.0,32.0,android,False,none,none,False,394.4,2.23,Mid-Range (20k-35k),9.952230096524119,3.86,"Standard (5.0""-7.0"")",True
infinix,Infinix Zero 40 5G,27999,88,mediatek dimensity 8200 ultimate,mediatek,8,3.1,12,256,True,True,True,6.78,1080,2400,144,5000,True,45.0,3,1,108.0,50.0,android,False,none,none,False,388.2,2.22,Mid-Range (20k-35k),10.239924074233857,3.14,"Standard (5.0""-7.0"")",True
xiaomi,Xiaomi 14 Civi Limited Edition,36999,88,snapdragon 8s gen3,snapdragon,8,3.0,12,512,True,True,True,6.55,1236,2750,120,4700,True,67.0,3,2,50.0,32.0,android,False,none,none,False,460.3,2.22,Upper-Mid (35k-60k),10.518646164234097,2.38,"Standard (5.0""-7.0"")",True
oppo,OPPO K12x 5G (8GB RAM + 256GB),15999,76,mediatek dimensity 6300,mediatek,8,2.4,8,256,True,False,False,6.67,720,1604,120,5100,True,45.0,2,1,32.0,8.0,android,True,hybrid,hybrid,False,263.6,2.23,Lower-Mid (10k-20k),9.680281499268713,4.75,"Standard (5.0""-7.0"")",True
poco,Poco F6 Deadpool Limited Edition,20999,83,snapdragon 8s gen3,snapdragon,8,3.0,12,256,True,True,True,6.67,1220,2712,120,5000,True,90.0,2,1,50.0,20.0,android,False,none,none,False,445.8,2.22,Mid-Range (20k-35k),9.952230096524119,3.95,"Standard (5.0""-7.0"")",True
iqoo,iQOO Z9s 5G,19999,81,mediatek dimensity 7300,mediatek,8,2.5,8,128,True,False,False,6.77,1080,2392,120,5500,True,44.0,2,1,50.0,16.0,android,False,none,none,False,387.7,2.21,Lower-Mid (10k-20k),9.903437551286085,4.05,"Standard (5.0""-7.0"")",True
poco,Poco M6 5G (4GB RAM + 64GB),11999,74,mediatek dimensity 6100 plus,mediatek,8,2.2,4,64,True,False,True,6.74,720,1650,90,5000,True,18.0,1,1,50.0,5.0,android,True,dedicated,dedicated,False,267.1,2.29,Lower-Mid (10k-20k),9.392578591964389,6.17,"Standard (5.0""-7.0"")",False
oppo,Oppo K13,17055,78,snapdragon 6 gen4,snapdragon,8,2.3,8,128,True,False,True,6.67,1080,2400,120,7000,True,80.0,2,1,50.0,16.0,android,False,none,none,False,394.6,2.22,Lower-Mid (10k-20k),9.744198694852747,4.57,"Standard (5.0""-7.0"")",True
nothing,Nothing Phone 2a Plus,20990,84,mediatek dimensity 7350 pro 5g,mediatek,8,3.0,8,256,True,True,False,6.7,1084,2412,120,5000,True,50.0,2,1,50.0,50.0,android,False,none,none,False,394.7,2.23,Mid-Range (20k-35k),9.951801412814678,4.0,"Standard (5.0""-7.0"")",True
samsung,Samsung Galaxy M35 5G (8GB RAM + 128GB),18499,81,exynos 1380,exynos,8,2.4,8,128,True,True,False,6.6,1080,2340,120,6000,True,25.0,3,1,50.0,13.0,android,True,hybrid,hybrid,False,390.5,2.17,Lower-Mid (10k-20k),9.82547195555139,4.38,"Standard (5.0""-7.0"")",True
samsung,Samsung Galaxy M35 5G (8GB RAM + 256GB),19995,82,exynos 1380,exynos,8,2.4,8,256,True,True,False,6.6,1080,2340,120,6000,True,25.0,3,1,50.0,13.0,android,True,hybrid,hybrid,False,390.5,2.17,Lower-Mid (10k-20k),9.90323752128092,4.1,"Standard (5.0""-7.0"")",True
oneplus,OnePlus Nord 4 5G (8GB RAM + 256GB),29999,83,snapdragon 7+ gen3,snapdragon,8,2.8,8,256,True,True,True,6.74,1240,2772,120,5500,True,100.0,2,1,50.0,16.0,android,False,none,none,False,450.5,2.24,Mid-Range (20k-35k),10.308919326755392,2.77,"Standard (5.0""-7.0"")",True
oneplus,OnePlus Nord 4 5G (12GB RAM + 256GB),29965,84,snapdragon 7+ gen3,snapdragon,8,2.8,12,256,True,True,True,6.74,1240,2772,120,5500,True,100.0,2,1,50.0,16.0,android,False,none,none,False,450.5,2.24,Mid-Range (20k-35k),10.307785312892285,2.8,"Standard (5.0""-7.0"")",True
hmd,HMD Crest Max,11999,80,unisoc t760,unisoc,8,2.2,8,256,True,False,False,6.67,1080,2400,120,5000,True,33.0,3,1,64.0,50.0,android,True,hybrid,hybrid,False,394.6,2.22,Lower-Mid (10k-20k),9.392578591964389,6.67,"Standard (5.0""-7.0"")",True
hmd,HMD Crest,9999,78,unisoc t760,unisoc,8,2.2,6,128,True,False,False,6.67,1080,2400,90,5000,True,33.0,2,1,50.0,50.0,android,True,hybrid,hybrid,False,394.6,2.22,Budget (<10k),9.21024036697585,7.8,"Standard (5.0""-7.0"")",False
oppo,OPPO Reno 12 Pro 5G (12GB RAM + 512GB),36990,87,mediatek dimensity 7300 energy,mediatek,8,2.5,12,512,True,True,True,6.7,1080,2412,120,5000,True,80.0,3,1,50.0,50.0,android,True,hybrid,hybrid,False,394.4,2.23,Upper-Mid (35k-60k),10.5184028848265,2.35,"Standard (5.0""-7.0"")",True
vivo,Vivo Y28e 5G (4GB RAM + 64GB),10499,68,mediatek dimensity 6300,mediatek,8,2.4,4,64,True,False,False,6.56,720,1612,90,5000,True,15.0,2,1,13.0,5.0,android,True,hybrid,hybrid,False,269.1,2.24,Lower-Mid (10k-20k),9.259035293514941,6.48,"Standard (5.0""-7.0"")",False
google,Google Pixel 9 Pro Fold,114999,91,tensor g4,tensor,8,3.1,16,256,True,True,False,8.03,2152,2076,120,4650,True,45.0,3,2,48.0,10.0,android,False,none,none,False,372.4,0.96,Premium (>=60k),11.652678711655406,0.79,"Large/Foldable (>7.0"")",True
vivo,Vivo Y18i,8499,58,unisoc t612,unisoc,8,2.0,4,64,False,False,False,6.56,720,1612,90,5000,True,15.0,2,1,13.0,5.0,android,True,dedicated,dedicated,False,269.1,2.24,Budget (<10k),9.047703788498627,6.82,"Standard (5.0""-7.0"")",False
tecno,Tecno Spark 20 Pro 5G (8GB RAM + 256GB),16999,79,mediatek dimensity 6080,mediatek,8,2.4,8,256,True,False,False,6.78,1080,2460,120,5000,True,33.0,2,1,108.0,8.0,android,True,dedicated,dedicated,False,396.3,2.28,Lower-Mid (10k-20k),9.74090979777877,4.65,"Standard (5.0""-7.0"")",True
samsung,Samsung Galaxy F05,6499,69,mediatek helio g85,mediatek,8,2.0,4,64,False,False,False,6.74,720,1600,60,5000,True,25.0,2,1,50.0,8.0,android,True,dedicated,dedicated,False,260.3,2.22,Budget (<10k),8.77940359789435,10.62,"Standard (5.0""-7.0"")",False
samsung,Samsung Galaxy F06 5G,8979,72,mediatek dimensity 6300,mediatek,8,2.4,4,128,True,False,False,6.7,720,1600,90,5000,True,25.0,2,1,50.0,8.0,android,True,hybrid,hybrid,False,261.9,2.22,Budget (<10k),9.102643796520809,8.02,"Standard (5.0""-7.0"")",False
vivo,Vivo Y18t,9999,71,unisoc t612,unisoc,8,1.8,4,128,False,False,False,6.56,720,1612,90,5000,True,15.0,2,1,50.0,8.0,android,True,dedicated,dedicated,False,269.1,2.24,Budget (<10k),9.21024036697585,7.1,"Standard (5.0""-7.0"")",False
motorola,Motorola Moto G85 5G (12GB RAM + 256GB),17999,82,snapdragon 6s gen3,snapdragon,8,2.3,12,256,True,False,False,6.67,1080,2400,120,5000,True,33.0,2,1,50.0,32.0,android,True,hybrid,hybrid,False,394.6,2.22,Lower-Mid (10k-20k),9.798071479779479,4.56,"Standard (5.0""-7.0"")",True
lava,Lava Blaze X 5G (8GB RAM + 128GB),16999,78,mediatek dimensity 6300,mediatek,8,2.4,8,128,True,False,False,6.67,1080,2400,120,5000,True,33.0,2,1,64.0,16.0,android,False,none,none,False,394.6,2.22,Lower-Mid (10k-20k),9.74090979777877,4.59,"Standard (5.0""-7.0"")",True
lava,Lava Blaze X 5G (6GB RAM + 128GB),14999,76,mediatek dimensity 6300,mediatek,8,2.4,6,128,True,False,False,6.67,1080,2400,120,5000,True,33.0,2,1,64.0,16.0,android,False,none,none,False,394.6,2.22,Lower-Mid (10k-20k),9.61573881119536,5.07,"Standard (5.0""-7.0"")",True
xiaomi,Xiaomi Redmi 13 5G (8GB RAM + 128GB),11199,80,snapdragon 4 gen 2 ae,snapdragon,8,2.3,8,128,True,False,True,6.79,1080,2460,120,5030,True,33.0,1,1,108.0,13.0,android,True,hybrid,hybrid,False,395.7,2.28,Lower-Mid (10k-20k),9.323579767582693,7.14,"Standard (5.0""-7.0"")",True
samsung,Samsung Galaxy M55s,18498,83,snapdragon 7 gen1,snapdragon,8,2.4,8,128,True,True,False,6.7,1080,2400,120,5000,True,45.0,3,1,50.0,50.0,android,True,hybrid,hybrid,False,392.8,2.22,Lower-Mid (10k-20k),9.825417897114205,4.49,"Standard (5.0""-7.0"")",True
cmf,CMF Phone 1 (8GB RAM + 128GB),15999,80,mediatek dimensity 7300,mediatek,8,2.5,8,128,True,False,False,6.67,1080,2400,120,5000,True,33.0,2,1,50.0,16.0,android,True,hybrid,hybrid,False,394.6,2.22,Lower-Mid (10k-20k),9.680281499268713,5.0,"Standard (5.0""-7.0"")",True
vivo,Vivo Y28s 5G (6GB RAM + 128GB),14499,75,mediatek dimensity 6300,mediatek,8,2.4,6,128,True,False,False,6.56,720,1612,90,5000,True,15.0,2,1,50.0,8.0,android,True,hybrid,hybrid,False,269.1,2.24,Lower-Mid (10k-20k),9.581834960513193,5.17,"Standard (5.0""-7.0"")",False
infinix,Infinix Note 40X 5G,14999,83,mediatek dimensity 6300,mediatek,8,2.4,8,256,True,True,False,6.78,1080,2406,120,5000,True,18.0,2,1,108.0,8.0,android,True,dedicated,dedicated,False,389.0,2.23,Lower-Mid (10k-20k),9.61573881119536,5.53,"Standard (5.0""-7.0"")",True
samsung,Samsung Galaxy S25 FE,59999,86,exynos 2400,exynos,10,3.2,8,128,True,True,False,6.7,1080,2340,120,4900,True,45.0,3,1,50.0,12.0,android,False,none,none,False,384.7,2.17,Upper-Mid (35k-60k),11.002083174398681,1.43,"Standard (5.0""-7.0"")",True
vivo,Vivo V40e 5G,28999,81,mediatek dimensity 7300,mediatek,8,2.5,8,128,True,False,False,6.77,1080,2392,120,5500,True,80.0,2,1,50.0,50.0,android,False,none,none,False,387.7,2.21,Mid-Range (20k-35k),10.275016625615446,2.79,"Standard (5.0""-7.0"")",True
realme,Realme C61 (6GB RAM + 128GB),8199,71,unisoc t612,unisoc,8,1.8,6,128,False,False,False,6.74,720,1600,90,5000,True,18.0,1,1,32.0,5.0,android,True,dedicated,dedicated,False,260.3,2.22,Budget (<10k),9.011767474596178,8.66,"Standard (5.0""-7.0"")",False
poco,Poco F7 5G,30999,83,snapdragon 8s gen4,snapdragon,8,3.2,12,256,True,True,True,6.83,1280,2772,120,7550,True,90.0,2,1,50.0,20.0,android,False,none,none,False,447.0,2.17,Mid-Range (20k-35k),10.341710224882465,2.68,"Standard (5.0""-7.0"")",True
iqoo,iQOO Z10x,13998,75,mediatek dimensity 7300,mediatek,8,2.5,6,128,True,False,True,6.72,1080,2408,120,6500,True,44.0,2,1,50.0,8.0,android,False,none,none,False,392.7,2.23,Lower-Mid (10k-20k),9.546669741249485,5.36,"Standard (5.0""-7.0"")",True
lava,Lava Blaze X 5G,11844,74,mediatek dimensity 6300,mediatek,8,2.4,4,128,True,False,False,6.67,1080,2400,120,5000,True,33.0,2,1,64.0,16.0,android,False,none,none,False,394.6,2.22,Lower-Mid (10k-20k),9.379576689221482,6.25,"Standard (5.0""-7.0"")",True
vivo,Vivo T3 Lite 5G (6GB RAM + 128GB),11499,75,mediatek dimensity 6300,mediatek,8,2.4,6,128,True,False,False,6.56,720,1612,90,5000,True,15.0,2,1,50.0,8.0,android,True,hybrid,hybrid,False,269.1,2.24,Lower-Mid (10k-20k),9.350015354048665,6.52,"Standard (5.0""-7.0"")",False
samsung,Samsung Galaxy A06,7590,70,mediatek helio g85,mediatek,8,2.0,4,64,False,False,False,6.74,720,1600,60,5000,True,25.0,2,1,50.0,8.0,android,True,dedicated,dedicated,False,260.3,2.22,Budget (<10k),8.934586870389676,9.22,"Standard (5.0""-7.0"")",False
oneplus,OnePlus Nord CE 4 Lite 5G (8GB RAM + 256GB),19949,82,snapdragon 695,snapdragon,8,2.2,8,256,True,False,False,6.67,1080,2400,120,5500,True,80.0,2,1,50.0,16.0,android,True,hybrid,hybrid,False,394.6,2.22,Lower-Mid (10k-20k),9.90093429574841,4.11,"Standard (5.0""-7.0"")",True
samsung,Samsung Galaxy F56 5G,24999,79,exynos 1480,exynos,8,2.7,8,128,True,False,False,6.74,1080,2340,120,5000,True,45.0,3,1,50.0,12.0,android,False,none,none,False,382.4,2.17,Mid-Range (20k-35k),10.126591103050316,3.16,"Standard (5.0""-7.0"")",True
hmd,HMD Fusion,12999,80,snapdragon 4 gen2,snapdragon,8,2.2,6,128,True,True,False,6.56,720,1612,90,5000,True,33.0,2,1,108.0,50.0,android,True,hybrid,hybrid,False,269.1,2.24,Lower-Mid (10k-20k),9.47262771040802,6.15,"Standard (5.0""-7.0"")",False
oppo,Oppo A3 Pro 5G (8GB RAM + 256GB),18390,76,mediatek dimensity 6300,mediatek,8,2.4,8,256,True,False,False,6.67,720,1604,120,5100,True,45.0,2,1,50.0,8.0,android,True,dedicated,dedicated,False,263.6,2.23,Lower-Mid (10k-20k),9.819562317598367,4.13,"Standard (5.0""-7.0"")",True
motorola,Motorola Edge 60 Fusion,21099,84,mediatek dimensity 7400,mediatek,8,2.5,8,256,True,False,False,6.7,1220,2712,120,5500,True,68.0,2,1,50.0,32.0,android,True,hybrid,hybrid,False,443.8,2.22,Mid-Range (20k-35k),9.956980924976127,3.98,"Standard (5.0""-7.0"")",True
xiaomi,Xiaomi Redmi 14C 5G,8998,71,snapdragon 4 gen2,snapdragon,8,2.2,4,64,True,False,False,6.88,720,1640,120,5160,True,18.0,1,1,50.0,8.0,android,True,dedicated,dedicated,False,260.3,2.28,Budget (<10k),9.104757609401117,7.89,"Standard (5.0""-7.0"")",True
realme,Realme GT 7,36998,88,mediatek dimensity 9400e,mediatek,8,3.4,8,256,True,True,True,6.78,1264,2780,120,7000,True,120.0,3,1,50.0,32.0,android,False,none,none,False,450.4,2.2,Upper-Mid (35k-60k),10.518619136111335,2.38,"Standard (5.0""-7.0"")",True
realme,Realme GT 6 5G (16GB RAM + 512GB),32999,88,snapdragon 8s gen3,snapdragon,8,3.0,16,512,True,True,True,6.78,1264,2780,120,5500,True,120.0,3,1,50.0,32.0,android,False,none,none,False,450.4,2.2,Mid-Range (20k-35k),10.404232536959167,2.67,"Standard (5.0""-7.0"")",True
oppo,OPPO A3x 5G,10699,67,mediatek dimensity 6300,mediatek,8,2.4,4,128,True,False,False,6.67,720,1604,120,5100,True,45.0,1,1,8.0,5.0,android,True,hybrid,hybrid,False,263.6,2.23,Lower-Mid (10k-20k),9.277905558138606,6.26,"Standard (5.0""-7.0"")",True
samsung,Samsung Galaxy Z Fold 7,174999,95,snapdragon 8 elite for galaxy,snapdragon,8,4.47,12,256,True,True,False,8.0,1968,2184,120,4400,True,25.0,3,2,200.0,10.0,android,False,none,none,False,367.5,1.11,Premium (>=60k),12.07253553860361,0.54,"Large/Foldable (>7.0"")",True
samsung,Samsung Galaxy Z Flip 7 5G,109999,91,exynos 2500,exynos,10,3.3,12,256,True,True,False,6.9,1080,2520,120,4300,True,25.0,2,1,50.0,10.0,android,False,none,none,False,397.3,2.33,Premium (>=60k),11.60822655382414,0.83,"Standard (5.0""-7.0"")",True
realme,Realme GT 6 5G (12GB RAM + 256GB),28999,87,snapdragon 8s gen3,snapdragon,8,3.0,12,256,True,True,True,6.78,1264,2780,120,5500,True,120.0,3,1,50.0,32.0,android,False,none,none,False,450.4,2.2,Mid-Range (20k-35k),10.275016625615446,3.0,"Standard (5.0""-7.0"")",True
oppo,Oppo F29 Pro 5G,19999,78,mediatek dimensity 7300,mediatek,8,2.5,8,128,True,False,False,6.7,1080,2412,120,6000,True,80.0,2,1,50.0,16.0,android,False,none,none,False,394.4,2.23,Lower-Mid (10k-20k),9.903437551286085,3.9,"Standard (5.0""-7.0"")",True
samsung,Samsung Galaxy Z Flip 6 (512GB),74999,91,snapdragon 8 gen3,snapdragon,8,3.3,12,512,True,True,False,6.7,1080,2640,120,4000,True,25.0,2,1,50.0,10.0,android,False,none,none,False,425.7,2.44,Premium (>=60k),11.225230059096225,1.21,"Standard (5.0""-7.0"")",True
samsung,Samsung Galaxy Z Fold 6 (12GB RAM + 1TB),200999,91,snapdragon 8 gen 3,snapdragon,8,3.39,12,1024,True,True,False,7.6,1856,2160,120,4400,True,25.0,3,2,50.0,10.0,android,False,none,none,False,374.7,1.16,Premium (>=60k),12.211055211904458,0.45,"Large/Foldable (>7.0"")",True
samsung,Samsung Galaxy Z Fold 6 (12GB RAM + 512GB),176999,91,snapdragon 8 gen 3,snapdragon,8,3.39,12,512,True,True,False,7.6,1856,2160,120,4400,True,25.0,3,2,50.0,10.0,android,False,none,none,False,374.7,1.16,Premium (>=60k),12.083899361822493,0.51,"Large/Foldable (>7.0"")",True
xiaomi,Xiaomi 14 Civi (12GB RAM + 512GB),29249,88,snapdragon 8s gen3,snapdragon,8,3.0,12,512,True,True,True,6.55,1236,2750,120,4700,True,67.0,3,2,50.0,32.0,android,False,none,none,False,460.3,2.22,Mid-Range (20k-35k),10.28360066404139,3.01,"Standard (5.0""-7.0"")",True
realme,Realme Narzo 70x 5G (8GB RAM + 128GB),15499,77,mediatek dimensity 6100 plus,mediatek,8,2.2,8,128,True,False,False,6.72,1080,2400,120,5000,True,45.0,2,1,50.0,8.0,android,True,dedicated,dedicated,False,391.6,2.22,Lower-Mid (10k-20k),9.648530784697051,4.97,"Standard (5.0""-7.0"")",True
realme,Realme Narzo N63 (4GB RAM + 128GB),8999,72,unisoc t612,unisoc,8,1.8,4,128,False,True,False,6.75,720,1600,90,5000,True,45.0,1,1,50.0,8.0,android,True,dedicated,dedicated,False,259.9,2.22,Budget (<10k),9.104868739033948,8.0,"Standard (5.0""-7.0"")",False
realme,Realme Narzo N63,7999,71,unisoc t612,unisoc,8,1.8,4,64,False,True,False,6.75,720,1600,90,5000,True,45.0,1,1,50.0,8.0,android,True,dedicated,dedicated,False,259.9,2.22,Budget (<10k),8.987071812848821,8.88,"Standard (5.0""-7.0"")",False
tecno,Tecno Phantom V Flip 2,54999,87,mediatek dimensity 8020,mediatek,8,2.6,8,256,True,True,False,6.9,1080,2640,120,4720,True,70.0,2,1,50.0,32.0,android,False,none,none,False,413.4,2.44,Upper-Mid (35k-60k),10.915070282231135,1.58,"Standard (5.0""-7.0"")",True
realme,Realme C61,6499,67,unisoc t612,unisoc,8,1.8,4,64,False,False,False,6.74,720,1600,90,5000,True,18.0,1,1,32.0,5.0,android,True,dedicated,dedicated,False,260.3,2.22,Budget (<10k),8.77940359789435,10.31,"Standard (5.0""-7.0"")",False
oppo,Oppo F27 Pro Plus 5G,23979,79,mediatek dimensity 7050,mediatek,8,2.6,8,256,True,False,False,6.7,1080,2412,120,5000,True,67.0,2,1,64.0,8.0,android,False,none,none,False,394.4,2.23,Mid-Range (20k-35k),10.084933726294128,3.29,"Standard (5.0""-7.0"")",True
hmd,HMD Skyline 5G,35999,87,snapdragon 7s gen2,snapdragon,8,2.4,12,256,True,True,False,6.55,1080,2400,144,4600,True,33.0,3,1,108.0,50.0,android,True,dedicated,dedicated,False,401.8,2.22,Upper-Mid (35k-60k),10.49124643927466,2.42,"Standard (5.0""-7.0"")",True
vivo,Vivo Y28e 5G,10999,69,mediatek dimensity 6300,mediatek,8,2.4,4,128,True,False,False,6.56,720,1612,90,5000,True,15.0,2,1,13.0,5.0,android,True,hybrid,hybrid,False,269.1,2.24,Lower-Mid (10k-20k),9.305559638557117,6.27,"Standard (5.0""-7.0"")",False
vivo,Vivo T3 Lite 5G,10499,74,mediatek dimensity 6300,mediatek,8,2.4,4,128,True,False,False,6.56,720,1612,90,5000,True,15.0,2,1,50.0,8.0,android,True,hybrid,hybrid,False,269.1,2.24,Lower-Mid (10k-20k),9.259035293514941,7.05,"Standard (5.0""-7.0"")",False
iqoo,iQOO Z9 Lite 5G,13990,74,mediatek dimensity 6300,mediatek,8,2.4,4,128,True,False,False,6.56,720,1600,90,5000,True,15.0,2,1,50.0,8.0,android,True,hybrid,hybrid,False,267.5,2.22,Lower-Mid (10k-20k),9.546098067659527,5.29,"Standard (5.0""-7.0"")",False
poco,Poco M6 Plus 5G,10999,78,snapdragon 4 gen2 ae,snapdragon,8,2.3,6,128,True,False,True,6.79,1080,2460,120,5030,True,33.0,2,1,108.0,13.0,android,True,hybrid,hybrid,False,395.7,2.28,Lower-Mid (10k-20k),9.305559638557117,7.09,"Standard (5.0""-7.0"")",True
realme,Realme GT 7 Pro 5G,47399,88,snapdragon 8 elite,snapdragon,8,4.32,12,256,True,True,True,6.78,1264,2780,120,5800,True,120.0,3,1,50.0,16.0,android,False,none,none,False,450.4,2.2,Upper-Mid (35k-60k),10.76635641041421,1.86,"Standard (5.0""-7.0"")",True
google,Google Pixel 10 5G,68950,79,tensor g5,tensor,8,3.78,12,256,True,True,False,6.3,1080,2424,120,4970,True,30.0,3,1,48.0,10.5,android,False,none,none,False,421.2,2.24,Premium (>=60k),11.141136883221447,1.15,"Standard (5.0""-7.0"")",True
realme,Realme Narzo N65 5G (6GB RAM + 128GB),11599,74,mediatek dimensity 6300,mediatek,8,2.4,6,128,True,False,False,6.67,720,1604,120,5000,True,15.0,1,1,50.0,8.0,android,True,hybrid,hybrid,False,263.6,2.23,Lower-Mid (10k-20k),9.358674166481876,6.38,"Standard (5.0""-7.0"")",True
samsung,Samsung Galaxy F55 5G (12GB RAM + 256GB),22949,85,snapdragon 7 gen1,snapdragon,8,2.4,12,256,True,True,False,6.7,1080,2400,120,5000,True,45.0,3,1,50.0,50.0,android,True,hybrid,hybrid,False,392.8,2.22,Mid-Range (20k-35k),10.041029641554612,3.7,"Standard (5.0""-7.0"")",True
samsung,Samsung Galaxy F55 5G (8GB RAM + 256GB),22998,84,snapdragon 7 gen1,snapdragon,8,2.4,8,256,True,True,False,6.7,1080,2400,120,5000,True,45.0,3,1,50.0,50.0,android,True,hybrid,hybrid,False,392.8,2.22,Mid-Range (20k-35k),10.04316253460861,3.65,"Standard (5.0""-7.0"")",True
poco,Poco F6 5G (12GB RAM + 512GB),26999,83,snapdragon 8s gen3,snapdragon,8,3.0,12,512,True,True,True,6.67,1220,2712,120,5000,True,90.0,2,1,50.0,20.0,android,False,none,none,False,445.8,2.22,Mid-Range (20k-35k),10.203555107263542,3.07,"Standard (5.0""-7.0"")",True
poco,Poco F6 5G (12GB RAM +256GB),21399,83,snapdragon 8s gen3,snapdragon,8,3.0,12,256,True,True,True,6.67,1220,2712,120,5000,True,90.0,2,1,50.0,20.0,android,False,none,none,False,445.8,2.22,Mid-Range (20k-35k),9.971099470946148,3.88,"Standard (5.0""-7.0"")",True
vivo,Vivo X200 Pro 5G,79999,95,mediatek dimensity 9400,mediatek,8,3.63,16,512,True,True,True,6.78,1260,2800,120,6000,True,90.0,3,1,200.0,32.0,android,False,none,none,False,452.9,2.22,Premium (>=60k),11.289769413577893,1.19,"Standard (5.0""-7.0"")",True
vivo,Vivo X200 5G,65999,89,mediatek dimensity 9400,mediatek,8,3.63,12,256,True,True,True,6.67,1260,2800,120,5800,True,90.0,3,1,50.0,32.0,android,False,none,none,False,460.3,2.22,Premium (>=60k),11.097394869378626,1.35,"Standard (5.0""-7.0"")",True
infinix,Infinix Note 40 5G,19999,84,mediatek dimensity 7020,mediatek,8,2.2,8,256,True,True,True,6.78,1080,2436,120,5000,True,33.0,3,1,108.0,32.0,android,False,none,none,False,393.0,2.26,Lower-Mid (10k-20k),9.903437551286085,4.2,"Standard (5.0""-7.0"")",True
xiaomi,Xiaomi 14 Civi,26249,87,snapdragon 8s gen3,snapdragon,8,3.0,8,256,True,True,True,6.55,1236,2750,120,4700,True,67.0,3,2,50.0,32.0,android,False,none,none,False,460.3,2.22,Mid-Range (20k-35k),10.175383172056032,3.31,"Standard (5.0""-7.0"")",True
oppo,Oppo Find X8 5G,69999,90,mediatek dimensity 9400,mediatek,8,3.63,12,256,True,True,True,6.59,1256,2760,120,5630,True,80.0,3,1,50.0,32.0,android,False,none,none,False,460.1,2.2,Premium (>=60k),11.156236235215168,1.29,"Standard (5.0""-7.0"")",True
vivo,Vivo Y58 5G,17499,80,snapdragon 4 gen2,snapdragon,8,2.2,8,128,True,False,False,6.72,1080,2408,120,6000,True,44.0,2,1,50.0,8.0,android,True,hybrid,hybrid,False,392.7,2.23,Lower-Mid (10k-20k),9.769899015421748,4.57,"Standard (5.0""-7.0"")",True
tecno,Tecno Camon 30 5G (12GB RAM + 512GB),29990,83,mediatek dimensity 7020,mediatek,8,2.2,12,512,True,False,True,6.78,1080,2436,120,5000,True,70.0,3,1,50.0,50.0,android,True,dedicated,dedicated,False,393.0,2.26,Mid-Range (20k-35k),10.308619271743055,2.77,"Standard (5.0""-7.0"")",True
vivo,Vivo Y28s 5G,12999,74,mediatek dimensity 6300,mediatek,8,2.4,4,128,True,False,False,6.56,720,1612,90,5000,True,15.0,2,1,50.0,8.0,android,True,hybrid,hybrid,False,269.1,2.24,Lower-Mid (10k-20k),9.47262771040802,5.69,"Standard (5.0""-7.0"")",False
motorola,Motorola Edge 50 Fusion (12GB RAM + 256GB),21366,84,snapdragon 7s gen2,snapdragon,8,2.4,12,256,True,True,False,6.67,1080,2400,144,5000,True,68.0,2,1,50.0,32.0,android,False,none,none,False,394.6,2.22,Mid-Range (20k-35k),9.969556152505833,3.93,"Standard (5.0""-7.0"")",True
oppo,OPPO K12x,12999,74,mediatek dimensity 6300,mediatek,8,2.4,6,128,True,False,False,6.67,720,1604,120,5100,True,45.0,2,1,32.0,8.0,android,True,hybrid,hybrid,False,263.6,2.23,Lower-Mid (10k-20k),9.47262771040802,5.69,"Standard (5.0""-7.0"")",True
tecno,Tecno Spark 20 Pro 5G,13999,79,mediatek dimensity 6080,mediatek,8,2.4,8,256,True,False,False,6.78,1080,2460,120,5000,True,33.0,2,1,108.0,8.0,android,True,dedicated,dedicated,False,396.3,2.28,Lower-Mid (10k-20k),9.546741177474825,5.64,"Standard (5.0""-7.0"")",True
realme,Realme GT 6T (8GB RAM + 256GB),28728,84,snapdragon 7+ gen3,snapdragon,8,2.8,8,256,True,True,True,6.78,1264,2780,120,5500,True,120.0,2,1,50.0,32.0,android,False,none,none,False,450.4,2.2,Mid-Range (20k-35k),10.265627535905919,2.92,"Standard (5.0""-7.0"")",True
realme,Realme GT 6T (12GB RAM + 512GB),33447,86,snapdragon 7+ gen3,snapdragon,8,2.8,12,512,True,True,True,6.78,1264,2780,120,5500,True,120.0,2,1,50.0,32.0,android,False,none,none,False,450.4,2.2,Mid-Range (20k-35k),10.41771737543568,2.57,"Standard (5.0""-7.0"")",True
oppo,OPPO Reno 13 Pro 5G,49999,89,mediatek dimensity 8350,mediatek,8,3.35,12,256,True,True,True,6.83,1272,2800,120,5800,True,80.0,3,1,50.0,50.0,android,False,none,none,False,450.3,2.2,Upper-Mid (35k-60k),10.81975828421028,1.78,"Standard (5.0""-7.0"")",True
oppo,OPPO Reno 13 5G,23999,85,mediatek dimensity 8350,mediatek,8,3.35,8,128,True,True,True,6.59,1256,2760,120,5600,True,80.0,3,1,50.0,50.0,android,False,none,none,False,460.1,2.2,Mid-Range (20k-35k),10.085767441795337,3.54,"Standard (5.0""-7.0"")",True
realme,Realme GT 6T,28990,83,snapdragon 7+ gen3,snapdragon,8,2.8,8,128,True,True,True,6.78,1264,2780,120,5500,True,120.0,2,1,50.0,32.0,android,False,none,none,False,450.4,2.2,Mid-Range (20k-35k),10.274706221915702,2.86,"Standard (5.0""-7.0"")",True
cmf,CMF Phone (1),15401,78,mediatek dimensity 7300,mediatek,8,2.5,6,128,True,False,False,6.67,1080,2400,120,5000,True,33.0,2,1,50.0,16.0,android,True,hybrid,hybrid,False,394.6,2.22,Lower-Mid (10k-20k),9.642187721358466,5.06,"Standard (5.0""-7.0"")",True
motorola,Motorola Moto G85 5G,16565,80,snapdragon 6s gen3,snapdragon,8,2.3,8,128,True,False,False,6.67,1080,2400,120,5000,True,33.0,2,1,50.0,32.0,android,True,hybrid,hybrid,False,394.6,2.22,Lower-Mid (10k-20k),9.715047314733996,4.83,"Standard (5.0""-7.0"")",True
infinix,Infinix GT 30 Pro,24700,86,mediatek dimensity 8350 ultimate,mediatek,8,3.35,8,256,True,True,True,6.78,1224,2720,144,5500,True,45.0,2,1,108.0,13.0,android,False,none,none,False,439.9,2.22,Mid-Range (20k-35k),10.114558522616068,3.48,"Standard (5.0""-7.0"")",True
google,Google Pixel 8A (8GB RAM + 256GB),41999,77,tensor g3,tensor,9,3.0,8,256,True,True,False,6.1,1080,2400,120,4492,True,18.0,2,1,64.0,13.0,android,False,none,none,False,431.4,2.22,Upper-Mid (35k-60k),10.645401087458245,1.83,"Standard (5.0""-7.0"")",True
samsung,Samsung Galaxy M15 5G (8GB RAM + 128GB),15999,79,mediatek dimensity 6100 plus,mediatek,8,2.2,8,128,True,False,False,6.45,1080,2340,90,6000,True,25.0,3,1,50.0,13.0,android,True,hybrid,hybrid,False,399.6,2.17,Lower-Mid (10k-20k),9.680281499268713,4.94,"Standard (5.0""-7.0"")",False
realme,Realme C65 5G (6GB RAM + 128GB),10990,74,mediatek dimensity 6300,mediatek,8,2.4,6,128,True,False,False,6.67,720,1604,120,5000,True,15.0,1,1,50.0,8.0,android,True,hybrid,hybrid,False,263.6,2.23,Lower-Mid (10k-20k),9.304741047397666,6.73,"Standard (5.0""-7.0"")",True
realme,Realme C65 5G (4GB RAM + 128GB),10999,73,mediatek dimensity 6300,mediatek,8,2.4,4,128,True,False,False,6.67,720,1604,120,5000,True,15.0,1,1,50.0,8.0,android,True,hybrid,hybrid,False,263.6,2.23,Lower-Mid (10k-20k),9.305559638557117,6.64,"Standard (5.0""-7.0"")",True
realme,Realme Narzo 80x 5G,11630,76,mediatek dimensity 6400,mediatek,8,2.5,6,128,True,False,False,6.72,1080,2400,120,6000,True,45.0,2,1,50.0,8.0,android,True,hybrid,hybrid,False,391.6,2.22,Lower-Mid (10k-20k),9.36134324551271,6.53,"Standard (5.0""-7.0"")",True
realme,Realme Narzo 70x 5G (6GB RAM + 128GB),12999,75,mediatek dimensity 6100 plus,mediatek,8,2.2,6,128,True,False,False,6.72,1080,2400,120,5000,True,45.0,2,1,50.0,8.0,android,True,dedicated,dedicated,False,391.6,2.22,Lower-Mid (10k-20k),9.47262771040802,5.77,"Standard (5.0""-7.0"")",True
realme,Realme 13 Plus 5G,16448,83,mediatek dimensity 7300 e,mediatek,8,2.5,8,128,True,True,False,6.67,1080,2400,120,5000,True,80.0,2,1,50.0,16.0,android,True,hybrid,hybrid,False,394.6,2.22,Lower-Mid (10k-20k),9.707959168254892,5.05,"Standard (5.0""-7.0"")",True
realme,Realme P2 Pro 5G,17999,80,snapdragon 7s gen 2,snapdragon,8,2.4,8,128,True,False,False,6.7,1080,2412,120,5200,True,80.0,2,1,50.0,32.0,android,False,none,none,False,394.4,2.23,Lower-Mid (10k-20k),9.798071479779479,4.44,"Standard (5.0""-7.0"")",True
samsung,Samsung Galaxy F15 5G (8GB RAM + 128GB),15999,78,mediatek dimensity 6100 plus,mediatek,8,2.2,8,128,True,False,False,6.45,1080,2340,90,6000,True,25.0,3,1,50.0,13.0,android,True,hybrid,hybrid,False,399.6,2.17,Lower-Mid (10k-20k),9.680281499268713,4.88,"Standard (5.0""-7.0"")",False
honor,Honor 200 Lite,20990,81,mediatek dimensity 6080,mediatek,8,2.4,8,256,True,False,False,6.7,1080,2412,90,4500,True,35.0,3,1,108.0,50.0,android,False,none,none,False,394.4,2.23,Mid-Range (20k-35k),9.951801412814678,3.86,"Standard (5.0""-7.0"")",False
vivo,Vivo T4x 5G,14499,75,mediatek dimensity 7300,mediatek,8,2.5,6,128,True,False,True,6.72,1080,2408,120,6500,True,44.0,2,1,50.0,8.0,android,False,none,none,False,392.7,2.23,Lower-Mid (10k-20k),9.581834960513193,5.17,"Standard (5.0""-7.0"")",True
realme,Realme Narzo 70x 5G,12899,74,mediatek dimensity 6100 plus,mediatek,8,2.2,4,128,True,False,False,6.72,1080,2400,120,5000,True,45.0,2,1,50.0,8.0,android,True,hybrid,hybrid,False,391.6,2.22,Lower-Mid (10k-20k),9.464905067965136,5.74,"Standard (5.0""-7.0"")",True
vivo,Vivo T3x 5G (8GB RAM + 128GB),15499,78,snapdragon 6 gen1,snapdragon,8,2.2,8,128,True,False,False,6.72,1080,2408,120,6000,True,44.0,2,1,50.0,8.0,android,True,hybrid,hybrid,False,392.7,2.23,Lower-Mid (10k-20k),9.648530784697051,5.03,"Standard (5.0""-7.0"")",True
vivo,Vivo T3x 5G (6GB RAM + 128GB),13999,76,snapdragon 6 gen1,snapdragon,8,2.2,6,128,True,False,False,6.72,1080,2408,120,6000,True,44.0,2,1,50.0,8.0,android,True,hybrid,hybrid,False,392.7,2.23,Lower-Mid (10k-20k),9.546741177474825,5.43,"Standard (5.0""-7.0"")",True
realme,Realme P1 Pro 5G (8GB RAM + 256GB),16999,79,snapdragon 6 gen1,snapdragon,8,2.2,8,256,True,False,False,6.7,1080,2400,120,5000,True,45.0,2,1,50.0,16.0,android,False,none,none,False,392.8,2.22,Lower-Mid (10k-20k),9.74090979777877,4.65,"Standard (5.0""-7.0"")",True
itel,itel S24,8499,74,mediatek helio g91,mediatek,8,2.0,8,128,False,False,False,6.6,720,1612,90,5000,True,18.0,2,1,108.0,8.0,android,True,dedicated,dedicated,False,267.5,2.24,Budget (<10k),9.047703788498627,8.71,"Standard (5.0""-7.0"")",False
motorola,Motorola Moto G64 5G,13147,82,mediatek dimensity 7025,mediatek,8,2.5,8,128,True,False,False,6.5,1080,2400,120,6000,True,33.0,2,1,50.0,16.0,android,True,hybrid,hybrid,False,404.9,2.22,Lower-Mid (10k-20k),9.483948874696605,6.24,"Standard (5.0""-7.0"")",True
motorola,Motorola Moto G04s,7299,68,unisoc t606,unisoc,8,1.6,4,64,False,False,False,6.6,720,1612,90,5000,True,15.0,1,1,50.0,5.0,android,True,dedicated,dedicated,False,267.5,2.24,Budget (<10k),8.895492631451633,9.32,"Standard (5.0""-7.0"")",False
realme,Realme P1 Pro 5G,15999,78,snapdragon 6 gen1,snapdragon,8,2.2,8,128,True,False,False,6.7,1080,2400,120,5000,True,45.0,2,1,50.0,16.0,android,False,none,none,False,392.8,2.22,Lower-Mid (10k-20k),9.680281499268713,4.88,"Standard (5.0""-7.0"")",True
realme,Realme P1 5G,13999,78,mediatek dimensity 7050,mediatek,8,2.6,6,128,True,False,False,6.67,1080,2400,120,5000,True,45.0,2,1,50.0,16.0,android,True,hybrid,hybrid,False,394.6,2.22,Lower-Mid (10k-20k),9.546741177474825,5.57,"Standard (5.0""-7.0"")",True
poco,Poco M7 Pro 5G,12398,78,mediatek dimensity 7025 ultra,mediatek,8,2.5,6,128,True,False,True,6.67,1080,2400,120,5110,True,45.0,2,1,50.0,20.0,android,True,hybrid,hybrid,False,394.6,2.22,Lower-Mid (10k-20k),9.425290448261865,6.29,"Standard (5.0""-7.0"")",True
vivo,Vivo V40 Pro,43999,87,mediatek dimensity 9200 plus,mediatek,8,3.35,8,256,True,False,False,6.78,1260,2800,120,5500,True,80.0,3,1,50.0,50.0,android,False,none,none,False,452.9,2.22,Upper-Mid (35k-60k),10.691922185369403,1.98,"Standard (5.0""-7.0"")",True
vivo,Vivo V40 5G,34999,83,snapdragon 7 gen3,snapdragon,8,2.63,8,128,True,False,False,6.78,1260,2800,120,5500,True,80.0,2,1,50.0,50.0,android,False,none,none,False,452.9,2.22,Mid-Range (20k-35k),10.463074768634808,2.37,"Standard (5.0""-7.0"")",True
infinix,Infinix Zero Flip 5G,54999,87,mediatek dimensity 8020,mediatek,8,2.6,8,512,True,True,False,6.9,1080,2640,120,4720,True,70.0,2,1,50.0,50.0,android,False,none,none,False,413.4,2.44,Upper-Mid (35k-60k),10.915070282231135,1.58,"Standard (5.0""-7.0"")",True
tecno,Tecno Pova 7 Pro 5G,18999,79,mediatek dimensity 7300 ultimate,mediatek,8,2.5,8,128,True,True,True,6.78,1224,2720,144,6000,True,45.0,2,1,64.0,13.0,android,False,none,none,False,439.9,2.22,Lower-Mid (10k-20k),9.85214162518454,4.16,"Standard (5.0""-7.0"")",True
motorola,Motorola Edge 50 Pro (12GB RAM + 256GB),23530,86,snapdragon 7 gen3,snapdragon,8,2.63,12,256,True,True,False,6.7,1220,2712,144,4500,True,125.0,3,1,50.0,50.0,android,False,none,none,False,443.8,2.22,Mid-Range (20k-35k),10.066031481721408,3.65,"Standard (5.0""-7.0"")",True
oppo,Oppo A3 Pro 5G,16300,75,mediatek dimensity 6300,mediatek,8,2.4,8,128,True,False,False,6.67,720,1604,120,5100,True,45.0,2,1,50.0,8.0,android,True,dedicated,dedicated,False,263.6,2.23,Lower-Mid (10k-20k),9.698920386794853,4.6,"Standard (5.0""-7.0"")",True
realme,Realme 12X 5G (8GB RAM +128GB),13499,78,mediatek dimensity 6100 plus,mediatek,8,2.2,8,128,True,False,False,6.72,1080,2400,120,5000,True,45.0,2,1,50.0,8.0,android,True,dedicated,dedicated,False,391.6,2.22,Lower-Mid (10k-20k),9.510370887608827,5.78,"Standard (5.0""-7.0"")",True
realme,Realme 12X (6GB RAM +128GB),12499,75,mediatek dimensity 6100 plus,mediatek,8,2.2,6,128,True,False,False,6.72,1080,2400,120,5000,True,45.0,2,1,50.0,8.0,android,True,dedicated,dedicated,False,391.6,2.22,Lower-Mid (10k-20k),9.433403920090221,6.0,"Standard (5.0""-7.0"")",True
realme,Realme C63,8299,71,unisoc t612,unisoc,8,1.8,4,128,False,False,False,6.75,720,1600,90,5000,True,45.0,1,1,50.0,8.0,android,True,dedicated,dedicated,False,259.9,2.22,Budget (<10k),9.023890304598448,8.56,"Standard (5.0""-7.0"")",False
oneplus,OnePlus Nord CE 4 5G (8GB RAM + 256GB),21999,81,snapdragon 7 gen3,snapdragon,8,2.63,8,256,True,False,True,6.7,1080,2412,120,5500,True,100.0,2,1,50.0,16.0,android,True,hybrid,hybrid,False,394.4,2.23,Mid-Range (20k-35k),9.998752276761909,3.68,"Standard (5.0""-7.0"")",True
xiaomi,Xiaomi Redmi A3x,6483,61,unisoc t603,unisoc,8,1.8,3,64,False,False,False,6.71,720,1650,90,5000,True,10.0,2,1,8.0,5.0,android,True,dedicated,dedicated,False,268.3,2.29,Budget (<10k),8.776938645174996,9.41,"Standard (5.0""-7.0"")",False
samsung,Samsung Galaxy M55 (12GB RAM + 256GB),22290,86,snapdragon 7 gen1,snapdragon,8,2.4,12,256,True,True,False,6.67,1080,2400,120,5000,True,45.0,3,1,50.0,50.0,android,True,hybrid,hybrid,False,394.6,2.22,Mid-Range (20k-35k),10.011893426379915,3.86,"Standard (5.0""-7.0"")",True
samsung,Samsung Galaxy M55 (8GB RAM + 256GB),21395,85,snapdragon 7 gen1,snapdragon,8,2.4,8,256,True,True,False,6.67,1080,2400,120,5000,True,45.0,3,1,50.0,50.0,android,True,hybrid,hybrid,False,394.6,2.22,Mid-Range (20k-35k),9.970912528850917,3.97,"Standard (5.0""-7.0"")",True
realme,Realme GT 6,27999,85,snapdragon 8s gen3,snapdragon,8,3.0,8,256,True,True,True,6.78,1264,2780,120,5500,True,120.0,3,1,50.0,32.0,android,False,none,none,False,450.4,2.2,Mid-Range (20k-35k),10.239924074233857,3.04,"Standard (5.0""-7.0"")",True
motorola,Motorola Edge 50 Ultra 5G,47999,90,snapdragon 8s gen3,snapdragon,8,3.0,12,512,True,True,False,6.7,1220,2712,144,4500,True,125.0,3,1,64.0,50.0,android,False,none,none,False,443.8,2.22,Upper-Mid (35k-60k),10.778935456339678,1.88,"Standard (5.0""-7.0"")",True
iqoo,iQOO Neo 10,31998,83,snapdragon 8s gen4,snapdragon,8,3.2,8,128,True,True,True,6.78,1260,2800,144,7000,True,120.0,2,1,50.0,32.0,android,False,none,none,False,452.9,2.22,Mid-Range (20k-35k),10.373428679828658,2.59,"Standard (5.0""-7.0"")",True
google,Google Pixel 9 Pro XL,89999,91,tensor g4,tensor,8,3.1,16,256,True,True,False,6.8,1344,2992,120,5060,True,37.0,3,1,50.0,42.0,android,False,none,none,False,482.4,2.23,Premium (>=60k),11.407553838139561,1.01,"Standard (5.0""-7.0"")",True
oneplus,OnePlus 12R (8GB RAM + 256GB),37490,84,snapdragon 8 gen2,snapdragon,8,3.2,8,256,True,True,True,6.78,1264,2780,120,5500,True,100.0,3,1,50.0,16.0,android,False,none,none,False,450.4,2.2,Upper-Mid (35k-60k),10.531829509729958,2.24,"Standard (5.0""-7.0"")",True
vivo,Vivo T3 5G (8GB RAM + 256GB),20499,81,mediatek dimensity 7200,mediatek,8,2.8,8,256,True,False,False,6.67,1080,2400,120,5000,True,44.0,2,1,50.0,16.0,android,True,hybrid,hybrid,False,394.6,2.22,Mid-Range (20k-35k),9.928131383448887,3.95,"Standard (5.0""-7.0"")",True
samsung,Samsung Galaxy F17 5G,13979,76,exynos 1330,exynos,8,2.4,4,128,True,True,False,6.7,1080,2340,90,5000,True,25.0,3,1,50.0,13.0,android,True,hybrid,hybrid,False,384.7,2.17,Lower-Mid (10k-20k),9.545311482471128,5.44,"Standard (5.0""-7.0"")",False
lava,Lava O3,5749,57,unisoc 9863a,unisoc,8,1.6,4,64,False,False,False,6.75,1600,720,60,5000,True,10.0,1,1,13.0,5.0,android,True,hybrid,hybrid,False,259.9,0.45,Budget (<10k),8.656781205623291,9.91,"Standard (5.0""-7.0"")",False
motorola,Motorola Edge 60 Pro,28080,86,mediatek dimensity 8350 extreme,mediatek,8,3.35,8,256,True,True,False,6.7,1220,2712,120,6000,True,90.0,3,1,50.0,50.0,android,False,none,none,False,443.8,2.22,Mid-Range (20k-35k),10.242812858139747,3.06,"Standard (5.0""-7.0"")",True
nothing,Nothing Phone 3a,22307,83,snapdragon 7s gen3,snapdragon,8,2.5,8,128,True,True,False,6.77,1080,2392,120,5000,True,50.0,3,1,50.0,32.0,android,False,none,none,False,387.7,2.21,Mid-Range (20k-35k),10.012655809536781,3.72,"Standard (5.0""-7.0"")",True
realme,Realme Narzo 70 Pro 5G (8GB RAM + 256GB),19799,82,mediatek dimensity 7050,mediatek,8,2.6,8,256,True,False,False,6.67,1080,2400,120,5000,True,67.0,3,1,50.0,16.0,android,True,hybrid,hybrid,False,394.6,2.22,Lower-Mid (10k-20k),9.8933867103567,4.14,"Standard (5.0""-7.0"")",True
samsung,Samsung Galaxy A55 5G (12GB RAM + 256GB),29999,86,exynos 1480,exynos,8,2.7,12,256,True,True,False,6.6,1080,2340,120,5000,True,25.0,3,1,50.0,32.0,android,True,hybrid,hybrid,False,390.5,2.17,Mid-Range (20k-35k),10.308919326755392,2.87,"Standard (5.0""-7.0"")",True
samsung,Samsung Galaxy A55 5G (8GB RAM + 256GB),26999,85,exynos 1480,exynos,8,2.7,8,256,True,True,False,6.6,1080,2340,120,5000,True,25.0,3,1,50.0,32.0,android,True,hybrid,hybrid,False,390.5,2.17,Mid-Range (20k-35k),10.203555107263542,3.15,"Standard (5.0""-7.0"")",True
samsung,Samsung Galaxy A35 5G (8GB RAM + 256GB),20975,83,exynos 1380,exynos,8,2.4,8,256,True,True,False,6.6,1080,2340,120,5000,True,25.0,3,1,50.0,13.0,android,True,hybrid,hybrid,False,390.5,2.17,Mid-Range (20k-35k),9.951086531335408,3.96,"Standard (5.0""-7.0"")",True
poco,Poco X6 Neo (12GB RAM + 256GB),18990,82,mediatek dimensity 6080,mediatek,8,2.4,12,256,True,False,True,6.67,1080,2400,120,5000,True,33.0,2,1,108.0,16.0,android,True,hybrid,hybrid,False,394.6,2.22,Lower-Mid (10k-20k),9.85166780380633,4.32,"Standard (5.0""-7.0"")",True
realme,Realme Narzo 80 Pro 5G,17066,80,mediatek dimensity 7400,mediatek,8,2.6,8,128,True,False,False,6.72,1080,2392,120,6000,True,80.0,2,1,50.0,16.0,android,False,none,none,False,390.6,2.21,Lower-Mid (10k-20k),9.744843459096531,4.69,"Standard (5.0""-7.0"")",True
realme,Realme 12 Pro 5G (12GB RAM + 256GB),22999,81,snapdragon 6 gen1,snapdragon,8,2.2,12,256,True,False,False,6.7,1080,2412,120,5000,True,67.0,3,1,50.0,16.0,android,False,none,none,False,394.4,2.23,Mid-Range (20k-35k),10.043206015705211,3.52,"Standard (5.0""-7.0"")",True
infinix,Infinix Note 40 Pro 5G,21999,84,mediatek dimensity 7020,mediatek,8,2.2,8,256,True,True,True,6.78,1080,2436,120,5000,True,45.0,3,1,108.0,32.0,android,False,none,none,False,393.0,2.26,Mid-Range (20k-35k),9.998752276761909,3.82,"Standard (5.0""-7.0"")",True
samsung,Samsung Galaxy F16 5G,10749,76,mediatek dimensity 6300,mediatek,8,2.4,4,128,True,True,False,6.7,1080,2340,90,5000,True,25.0,3,1,50.0,13.0,android,True,hybrid,hybrid,False,384.7,2.17,Lower-Mid (10k-20k),9.282568005973063,7.07,"Standard (5.0""-7.0"")",False
iqoo,iQOO Z10 5G,20998,80,snapdragon 7s gen3,snapdragon,8,2.5,8,128,True,False,True,6.77,1080,2392,120,7300,True,90.0,2,1,50.0,32.0,android,False,none,none,False,387.7,2.21,Mid-Range (20k-35k),9.952182474074887,3.81,"Standard (5.0""-7.0"")",True
vivo,Vivo V30 5G (12GB RAM + 256GB),28999,84,snapdragon 7 gen3,snapdragon,8,2.63,12,256,True,False,False,6.78,1260,2800,120,5000,True,80.0,2,1,50.0,50.0,android,False,none,none,False,452.9,2.22,Mid-Range (20k-35k),10.275016625615446,2.9,"Standard (5.0""-7.0"")",True
vivo,Vivo V30 5G (8GB RAM + 256GB),34990,83,snapdragon 7 gen3,snapdragon,8,2.63,8,256,True,False,False,6.78,1260,2800,120,5000,True,80.0,2,1,50.0,50.0,android,False,none,none,False,452.9,2.22,Mid-Range (20k-35k),10.462817585361734,2.37,"Standard (5.0""-7.0"")",True
vivo,Vivo V30 Pro (12GB RAM + 512GB),30994,86,mediatek dimensity 8200,mediatek,8,3.1,12,512,True,False,False,6.78,1260,2800,120,5000,True,80.0,3,1,50.0,50.0,android,False,none,none,False,452.9,2.22,Mid-Range (20k-35k),10.34154891634728,2.77,"Standard (5.0""-7.0"")",True
realme,Realme 12 5G (8GB RAM + 128GB),17999,78,mediatek dimensity 6100 plus,mediatek,8,2.2,8,128,True,False,False,6.72,1080,2400,120,5000,True,45.0,2,1,108.0,8.0,android,True,hybrid,hybrid,False,391.6,2.22,Lower-Mid (10k-20k),9.798071479779479,4.33,"Standard (5.0""-7.0"")",True
realme,Realme 12 Plus 5G (8GB RAM + 256GB),22490,82,mediatek dimensity 7050,mediatek,8,2.6,8,256,True,False,False,6.67,1080,2400,120,5000,True,67.0,3,1,50.0,16.0,android,True,hybrid,hybrid,False,394.6,2.22,Mid-Range (20k-35k),10.020826044953361,3.65,"Standard (5.0""-7.0"")",True
nothing,Nothing Phone 2a (8GB RAM + 256GB),23499,84,mediatek dimensity 7200 pro,mediatek,8,2.8,8,256,True,True,False,6.7,1084,2412,120,5000,True,45.0,2,1,50.0,32.0,android,False,none,none,False,394.7,2.23,Mid-Range (20k-35k),10.064713146035349,3.57,"Standard (5.0""-7.0"")",True
lava,Lava Blaze Curve 5G (8GB RAM + 256GB),17399,82,mediatek dimensity 7050,mediatek,8,2.6,8,256,True,False,False,6.67,1080,2400,120,5000,True,33.0,3,1,64.0,32.0,android,False,none,none,False,394.6,2.22,Lower-Mid (10k-20k),9.764168012286715,4.71,"Standard (5.0""-7.0"")",True
samsung,Samsung Galaxy F15 5G (6GB RAM + 128GB),16999,75,mediatek dimensity 6100 plus,mediatek,8,2.2,6,128,True,False,False,6.45,1080,2340,90,6000,True,25.0,3,1,50.0,13.0,android,True,hybrid,hybrid,False,399.6,2.17,Lower-Mid (10k-20k),9.74090979777877,4.41,"Standard (5.0""-7.0"")",False
infinix,Infinix Note 40 Pro Plus 5G,24999,86,mediatek dimensity 7020,mediatek,8,2.2,12,256,True,True,True,6.78,1080,2436,120,4600,True,100.0,3,1,108.0,32.0,android,False,none,none,False,393.0,2.26,Mid-Range (20k-35k),10.126591103050316,3.44,"Standard (5.0""-7.0"")",True
vivo,Vivo V30e 5G,24925,84,snapdragon 6 gen1,snapdragon,8,2.2,8,128,True,True,False,6.78,1080,2400,120,5500,True,44.0,2,1,50.0,50.0,android,True,hybrid,hybrid,False,388.2,2.22,Mid-Range (20k-35k),10.12362659483004,3.37,"Standard (5.0""-7.0"")",True
oppo,OPPO F27 5G,19900,81,mediatek dimensity 6300,mediatek,8,2.4,8,128,True,False,False,6.67,1080,2412,120,5000,True,45.0,2,1,50.0,32.0,android,True,hybrid,hybrid,False,396.2,2.23,Lower-Mid (10k-20k),9.898475010712584,4.07,"Standard (5.0""-7.0"")",True
motorola,Motorola Moto G05,7463,69,mediatek helio g81 ultra,mediatek,8,2.0,4,64,False,True,False,6.67,720,1604,90,5200,True,18.0,1,1,50.0,8.0,android,True,dedicated,dedicated,False,263.6,2.23,Budget (<10k),8.917712757131387,9.25,"Standard (5.0""-7.0"")",False
oppo,Oppo F25 Pro 5G (8GB RAM + 256GB),24999,84,mediatek dimensity 7050,mediatek,8,2.6,8,256,True,False,False,6.7,1080,2412,120,5000,True,67.0,3,1,64.0,32.0,android,True,hybrid,hybrid,False,394.4,2.23,Mid-Range (20k-35k),10.126591103050316,3.36,"Standard (5.0""-7.0"")",True
honor,Honor 200 Pro,57999,89,snapdragon 8s gen3,snapdragon,8,3.0,12,512,True,True,False,6.78,1224,2700,120,5200,True,100.0,3,2,50.0,50.0,android,False,none,none,False,437.2,2.21,Upper-Mid (35k-60k),10.968181048000611,1.53,"Standard (5.0""-7.0"")",True
tecno,Tecno Camon 30 5G,24990,81,mediatek dimensity 7020,mediatek,8,2.2,8,256,True,False,True,6.78,1080,2436,120,5000,True,70.0,3,1,50.0,50.0,android,True,dedicated,dedicated,False,393.0,2.26,Mid-Range (20k-35k),10.126231023828998,3.24,"Standard (5.0""-7.0"")",True
oppo,Oppo F25 Pro 5G,22999,83,mediatek dimensity 7050,mediatek,8,2.6,8,128,True,False,False,6.7,1080,2412,120,5000,True,67.0,3,1,64.0,32.0,android,True,hybrid,hybrid,False,394.4,2.23,Mid-Range (20k-35k),10.043206015705211,3.61,"Standard (5.0""-7.0"")",True
xiaomi,Xiaomi Redmi A4 5G,7999,69,snapdragon 4s gen2,snapdragon,8,2.0,4,64,True,False,False,6.88,720,1640,120,5160,True,18.0,1,1,50.0,5.0,android,True,dedicated,dedicated,False,260.3,2.28,Budget (<10k),8.987071812848821,8.63,"Standard (5.0""-7.0"")",True
motorola,Motorola Moto G04 (8 GB RAM + 128GB),7999,70,unisoc t606,unisoc,8,1.6,8,128,False,False,False,6.56,720,1600,90,5000,True,15.0,1,1,16.0,5.0,android,True,dedicated,dedicated,False,267.5,2.22,Budget (<10k),8.987071812848821,8.75,"Standard (5.0""-7.0"")",False
xiaomi,Xiaomi Redmi A3 (6GB RAM + 128GB),7845,68,mediatek helio g36,mediatek,8,2.2,6,128,False,False,False,6.71,720,1650,90,5000,True,10.0,1,1,8.0,5.0,android,True,dedicated,dedicated,False,268.3,2.29,Budget (<10k),8.967631665167133,8.67,"Standard (5.0""-7.0"")",False
xiaomi,Xiaomi Redmi A3 (4GB RAM + 128GB),7499,66,mediatek helio g36,mediatek,8,2.2,4,128,False,False,False,6.71,720,1650,90,5000,True,10.0,1,1,8.0,5.0,android,True,dedicated,dedicated,False,268.3,2.29,Budget (<10k),8.92252495730139,8.8,"Standard (5.0""-7.0"")",False
poco,Poco X6 5G (12GB RAM + 256GB),16999,81,snapdragon 7s gen 2,snapdragon,8,2.4,12,256,True,False,True,6.67,1220,2712,120,5100,True,67.0,3,1,64.0,16.0,android,False,none,none,False,445.8,2.22,Lower-Mid (10k-20k),9.74090979777877,4.76,"Standard (5.0""-7.0"")",True
iqoo,iQOO Neo 9 Pro 5G (12GB RAM + 256GB),35999,82,snapdragon 8 gen2,snapdragon,8,3.2,12,256,True,False,True,6.78,1260,2800,144,5160,True,120.0,2,1,50.0,16.0,android,False,none,none,False,452.9,2.22,Upper-Mid (35k-60k),10.49124643927466,2.28,"Standard (5.0""-7.0"")",True
realme,Realme 13 5G,14480,79,mediatek dimensity 6300,mediatek,8,2.4,8,128,True,False,False,6.72,1080,2400,120,5000,True,45.0,2,1,50.0,16.0,android,True,hybrid,hybrid,False,391.6,2.22,Lower-Mid (10k-20k),9.580523665939708,5.46,"Standard (5.0""-7.0"")",True
realme,Realme 13 Pro Plus 5G,24400,84,snapdragon 7s gen2,snapdragon,8,2.4,8,256,True,False,False,6.7,1080,2412,120,5200,True,80.0,3,1,50.0,32.0,android,False,none,none,False,394.4,2.23,Mid-Range (20k-35k),10.102338411281293,3.44,"Standard (5.0""-7.0"")",True
realme,Realme 13 Pro 5G,19999,80,snapdragon 7s gen2,snapdragon,8,2.4,8,128,True,False,False,6.7,1080,2412,120,5200,True,45.0,3,1,50.0,32.0,android,False,none,none,False,394.4,2.23,Lower-Mid (10k-20k),9.903437551286085,4.0,"Standard (5.0""-7.0"")",True
infinix,Infinix Smart 8 (8GB RAM + 128 GB),8999,74,mediatek helio g36,mediatek,8,2.2,8,128,False,False,False,6.6,720,1612,90,5000,True,10.0,1,1,50.0,8.0,android,True,dedicated,dedicated,False,267.5,2.24,Budget (<10k),9.104868739033948,8.22,"Standard (5.0""-7.0"")",False
samsung,Samsung Galaxy M14 4G,8999,73,snapdragon 680,snapdragon,8,2.4,4,64,False,False,False,6.72,1080,2400,90,5000,True,25.0,3,1,50.0,13.0,android,True,dedicated,dedicated,False,391.6,2.22,Budget (<10k),9.104868739033948,8.11,"Standard (5.0""-7.0"")",False
realme,Realme 12 Pro Plus 5G (12GB RAM + 256GB),29999,84,snapdragon 7s gen2,snapdragon,8,2.4,12,256,True,False,False,6.7,1080,2412,120,5000,True,67.0,3,1,64.0,32.0,android,False,none,none,False,394.4,2.23,Mid-Range (20k-35k),10.308919326755392,2.8,"Standard (5.0""-7.0"")",True
realme,Realme 12 Pro Plus 5G (8GB RAM + 256GB),22999,83,snapdragon 7s gen2,snapdragon,8,2.4,8,256,True,False,False,6.7,1080,2412,120,5000,True,67.0,3,1,64.0,32.0,android,False,none,none,False,394.4,2.23,Mid-Range (20k-35k),10.043206015705211,3.61,"Standard (5.0""-7.0"")",True
realme,Realme 12 Pro 5G (8GB RAM + 256GB),22998,80,snapdragon 6 gen1,snapdragon,8,2.2,8,256,True,False,False,6.7,1080,2412,120,5000,True,67.0,3,1,50.0,16.0,android,False,none,none,False,394.4,2.23,Mid-Range (20k-35k),10.04316253460861,3.48,"Standard (5.0""-7.0"")",True
oneplus,OnePlus 12R (16GB RAM + 256GB),45999,85,snapdragon 8 gen2,snapdragon,8,3.2,16,256,True,True,True,6.78,1264,2780,120,5500,True,100.0,3,1,50.0,16.0,android,False,none,none,False,450.4,2.2,Upper-Mid (35k-60k),10.736374936104498,1.85,"Standard (5.0""-7.0"")",True
oneplus,OnePlus 12 (16GB RAM + 512GB),69999,92,snapdragon 8 gen3,snapdragon,8,3.3,16,512,True,True,True,6.82,1440,3168,120,5400,True,100.0,3,1,64.0,32.0,android,False,none,none,False,510.3,2.2,Premium (>=60k),11.156236235215168,1.31,"Standard (5.0""-7.0"")",True
vivo,Vivo Y200e 5G,18999,77,snapdragon 4 gen2,snapdragon,8,2.2,6,128,True,False,False,6.67,1080,2400,120,5000,True,44.0,2,1,50.0,16.0,android,True,hybrid,hybrid,False,394.6,2.22,Lower-Mid (10k-20k),9.85214162518454,4.05,"Standard (5.0""-7.0"")",True
samsung,Samsung Galaxy F55 5G,18999,83,snapdragon 7 gen1,snapdragon,8,2.4,8,128,True,True,False,6.7,1080,2400,120,5000,True,45.0,3,1,50.0,50.0,android,True,hybrid,hybrid,False,392.8,2.22,Lower-Mid (10k-20k),9.85214162518454,4.37,"Standard (5.0""-7.0"")",True
samsung,Samsung Galaxy S24 Ultra (12GB RAM + 512GB),106990,93,snapdragon 8 gen3,snapdragon,8,3.3,12,512,True,True,False,6.8,1440,3120,120,5000,True,45.0,1,1,200.0,12.0,android,False,none,none,False,505.3,2.17,Premium (>=60k),11.580490651132653,0.87,"Standard (5.0""-7.0"")",True
samsung,Samsung Galaxy S24 (8GB RAM + 512GB),89999,87,exynos 2400,exynos,10,3.2,8,512,True,True,False,6.2,1080,2340,120,4000,True,25.0,3,1,50.0,12.0,android,False,none,none,False,415.7,2.17,Premium (>=60k),11.407553838139561,0.97,"Standard (5.0""-7.0"")",True
realme,Realme 12 Plus 5G,19100,81,mediatek dimensity 7050,mediatek,8,2.6,8,128,True,False,False,6.67,1080,2400,120,5000,True,67.0,3,1,50.0,16.0,android,True,hybrid,hybrid,False,394.6,2.22,Lower-Mid (10k-20k),9.857443614034722,4.24,"Standard (5.0""-7.0"")",True
oppo,OPPO Reno 11 (8GB RAM + 256GB),29999,87,mediatek dimensity 7050,mediatek,8,2.6,8,256,True,True,True,6.7,1080,2412,120,5000,True,67.0,3,1,50.0,32.0,android,True,hybrid,hybrid,False,394.4,2.23,Mid-Range (20k-35k),10.308919326755392,2.9,"Standard (5.0""-7.0"")",True
poco,Poco X6 5G (12GB RAM + 512GB),24999,82,snapdragon 7s gen 2,snapdragon,8,2.4,12,512,True,False,True,6.67,1220,2712,120,5100,True,67.0,3,1,64.0,16.0,android,False,none,none,False,445.8,2.22,Mid-Range (20k-35k),10.126591103050316,3.28,"Standard (5.0""-7.0"")",True
poco,Poco X6 Pro 5G (12GB RAM + 512GB),27999,84,mediatek dimensity 8300 ultra,mediatek,8,3.35,12,512,True,True,True,6.67,1220,2712,120,5000,True,67.0,3,1,64.0,16.0,android,False,none,none,False,445.8,2.22,Mid-Range (20k-35k),10.239924074233857,3.0,"Standard (5.0""-7.0"")",True
motorola,Motorola Moto G34 5G (8GB RAM + 128GB),12999,75,snapdragon 695,snapdragon,8,2.2,8,128,True,False,False,6.5,720,1600,120,5000,True,18.0,2,1,50.0,16.0,android,True,hybrid,hybrid,False,269.9,2.22,Lower-Mid (10k-20k),9.47262771040802,5.77,"Standard (5.0""-7.0"")",True
vivo,Vivo Y28 5G (8GB RAM + 128GB),15999,77,mediatek dimensity 6020,mediatek,8,2.2,8,128,True,False,False,6.56,720,1612,90,5000,True,15.0,2,1,50.0,8.0,android,True,hybrid,hybrid,False,269.1,2.24,Lower-Mid (10k-20k),9.680281499268713,4.81,"Standard (5.0""-7.0"")",False
vivo,Vivo Y28 5G (6GB RAM + 128GB),14499,75,mediatek dimensity 6020,mediatek,8,2.2,6,128,True,False,False,6.56,720,1612,90,5000,True,15.0,2,1,50.0,8.0,android,True,hybrid,hybrid,False,269.1,2.24,Lower-Mid (10k-20k),9.581834960513193,5.17,"Standard (5.0""-7.0"")",False
xiaomi,Xiaomi Redmi Note 13 5G (12GB RAM + 256GB),18999,83,mediatek dimensity 6080,mediatek,8,2.4,12,256,True,False,True,6.67,1080,2400,120,5000,True,33.0,3,1,108.0,16.0,android,True,hybrid,hybrid,False,394.6,2.22,Lower-Mid (10k-20k),9.85214162518454,4.37,"Standard (5.0""-7.0"")",True
xiaomi,Xiaomi Redmi Note 13 5G (8GB RAM + 256GB),16999,82,mediatek dimensity 6080,mediatek,8,2.4,8,256,True,False,True,6.67,1080,2400,120,5000,True,33.0,3,1,108.0,16.0,android,True,hybrid,hybrid,False,394.6,2.22,Lower-Mid (10k-20k),9.74090979777877,4.82,"Standard (5.0""-7.0"")",True
xiaomi,Xiaomi Redmi Note 13 Pro 5G (8GB RAM + 256GB),21999,82,snapdragon 7s gen 2,snapdragon,8,2.4,8,256,True,False,True,6.67,1220,2712,120,5100,True,67.0,3,1,200.0,16.0,android,False,none,none,False,445.8,2.22,Mid-Range (20k-35k),9.998752276761909,3.73,"Standard (5.0""-7.0"")",True
xiaomi,Xiaomi Redmi Note 13 Pro Plus (12GB RAM + 256GB),35999,85,mediatek dimensity 7200 ultra,mediatek,8,2.8,12,256,True,True,True,6.67,1220,2712,120,5000,True,120.0,3,1,200.0,16.0,android,False,none,none,False,445.8,2.22,Upper-Mid (35k-60k),10.49124643927466,2.36,"Standard (5.0""-7.0"")",True
vivo,Vivo X100 5G (16GB RAM + 512GB),54999,90,mediatek dimensity 9300,mediatek,8,3.25,16,512,True,True,True,6.78,1260,2800,120,5000,True,120.0,3,1,64.0,32.0,android,False,none,none,False,452.9,2.22,Upper-Mid (35k-60k),10.915070282231135,1.64,"Standard (5.0""-7.0"")",True
nothing,Nothing Phone 2a (12GB RAM + 256GB),22799,85,mediatek dimensity 7200 pro,mediatek,8,2.8,12,256,True,True,False,6.7,1084,2412,120,5000,True,45.0,2,1,50.0,32.0,android,False,none,none,False,394.7,2.23,Mid-Range (20k-35k),10.034471954331547,3.73,"Standard (5.0""-7.0"")",True
oneplus,OnePlus 13R 5G,38999,86,snapdragon 8 gen3,snapdragon,8,3.3,12,256,True,True,True,6.78,1264,2780,120,6000,True,80.0,3,1,50.0,16.0,android,False,none,none,False,450.4,2.2,Upper-Mid (35k-60k),10.571291283757406,2.21,"Standard (5.0""-7.0"")",True
oppo,OPPO A59 5G (6GB RAM + 128GB),14340,73,mediatek dimensity 6020,mediatek,8,2.2,6,128,True,False,False,6.56,720,1612,90,5000,True,33.0,2,1,13.0,8.0,android,True,dedicated,dedicated,False,269.1,2.24,Lower-Mid (10k-20k),9.57080811415361,5.09,"Standard (5.0""-7.0"")",False
poco,Poco M6 5G (8GB RAM + 256GB),13990,74,mediatek dimensity 6100 plus,mediatek,8,2.2,8,256,True,False,True,6.74,720,1650,90,5000,True,18.0,1,1,50.0,5.0,android,True,dedicated,dedicated,False,267.1,2.29,Lower-Mid (10k-20k),9.546098067659527,5.29,"Standard (5.0""-7.0"")",False
motorola,Motorola Moto G04,7990,64,unisoc t606,unisoc,8,1.6,4,64,False,False,False,6.56,720,1600,90,5000,True,15.0,1,1,16.0,5.0,android,True,dedicated,dedicated,False,267.5,2.22,Budget (<10k),8.98594603876032,8.01,"Standard (5.0""-7.0"")",False
apple,Apple iPhone 17 Pro Max,149900,82,apple a19 pro,apple,6,4.26,12,256,True,True,False,6.9,1320,2868,120,4832,True,27.0,3,1,48.0,18.0,ios,False,none,none,False,457.6,2.17,Premium (>=60k),11.917723684090689,0.55,"Standard (5.0""-7.0"")",True
samsung,Samsung Galaxy M05,7490,69,mediatek helio g85,mediatek,8,2.0,4,64,False,False,False,6.7,720,1600,60,5000,True,25.0,2,1,50.0,8.0,android,True,dedicated,dedicated,False,261.9,2.22,Budget (<10k),8.921324076511265,9.21,"Standard (5.0""-7.0"")",False
samsung,Samsung Galaxy M06 5G,8921,72,mediatek dimensity 6300,mediatek,8,2.4,4,128,True,False,False,6.74,720,1600,90,5000,True,25.0,2,1,50.0,8.0,android,True,hybrid,hybrid,False,260.3,2.22,Budget (<10k),9.096163326913784,8.07,"Standard (5.0""-7.0"")",False
lava,Lava Yuva 4,6440,65,unisoc t606,unisoc,8,1.6,4,64,False,False,False,6.56,1600,720,90,5000,True,10.0,1,1,50.0,8.0,android,True,dedicated,dedicated,False,267.5,0.45,Budget (<10k),8.770283819098399,10.09,"Standard (5.0""-7.0"")",False
motorola,Motorola Moto G24 Power,9999,74,mediatek helio g85,mediatek,8,2.0,4,128,False,False,False,6.6,720,1612,90,6000,True,30.0,2,1,50.0,16.0,android,True,dedicated,dedicated,False,267.5,2.24,Budget (<10k),9.21024036697585,7.4,"Standard (5.0""-7.0"")",False
realme,Realme C67 5G (6GB RAM + 128GB),11897,76,mediatek dimensity 6100 plus,mediatek,8,2.2,6,128,True,False,False,6.72,1080,2400,120,5000,True,33.0,2,1,50.0,8.0,android,True,dedicated,dedicated,False,391.6,2.22,Lower-Mid (10k-20k),9.384041546476526,6.39,"Standard (5.0""-7.0"")",True
infinix,Infinix Smart 8 Plus,7799,71,mediatek helio g36,mediatek,8,2.2,4,128,False,False,False,6.6,720,1612,90,6000,True,18.0,2,1,50.0,8.0,android,True,dedicated,dedicated,False,267.5,2.24,Budget (<10k),8.961750799330497,9.1,"Standard (5.0""-7.0"")",False
xiaomi,Xiaomi Redmi 13C 5G (8GB RAM + 256GB),13999,77,mediatek dimensity 6100 plus,mediatek,8,2.2,8,256,True,False,False,6.74,720,1600,90,5000,True,18.0,1,1,50.0,5.0,android,True,dedicated,dedicated,False,260.3,2.22,Lower-Mid (10k-20k),9.546741177474825,5.5,"Standard (5.0""-7.0"")",False
xiaomi,Xiaomi Redmi 13C 5G (6GB RAM + 128GB),10984,74,mediatek dimensity 6100 plus,mediatek,8,2.2,6,128,True,False,False,6.74,720,1600,90,5000,True,18.0,1,1,50.0,5.0,android,True,dedicated,dedicated,False,260.3,2.22,Lower-Mid (10k-20k),9.304194947447806,6.74,"Standard (5.0""-7.0"")",False
xiaomi,Xiaomi Redmi 13C (8GB RAM + 256GB),13000,76,mediatek helio g85,mediatek,8,2.0,8,256,False,False,False,6.74,720,1600,90,5000,True,18.0,3,1,50.0,8.0,android,True,dedicated,dedicated,False,260.3,2.22,Lower-Mid (10k-20k),9.472704636443673,5.85,"Standard (5.0""-7.0"")",False
xiaomi,Xiaomi Redmi 13C (6GB RAM + 128GB),9990,74,mediatek helio g85,mediatek,8,2.0,6,128,False,False,False,6.74,720,1600,90,5000,True,18.0,3,1,50.0,8.0,android,True,dedicated,dedicated,False,260.3,2.22,Budget (<10k),9.2093398716426,7.41,"Standard (5.0""-7.0"")",False
vivo,Vivo X Fold 3 Pro,159999,96,snapdragon 8 gen3,snapdragon,8,3.3,16,512,True,True,True,8.03,2200,2480,120,5700,True,100.0,3,2,64.0,32.0,android,False,none,none,False,412.8,1.13,Premium (>=60k),11.982922844196432,0.6,"Large/Foldable (>7.0"")",True
tecno,Tecno Camon 30 Premier 5G,29999,87,mediatek dimensity 8200,mediatek,8,3.1,12,512,True,True,True,6.77,1264,2780,120,5000,True,70.0,3,1,50.0,50.0,android,False,none,none,False,451.1,2.2,Mid-Range (20k-35k),10.308919326755392,2.9,"Standard (5.0""-7.0"")",True
poco,Poco M6 Pro 5G (8GB RAM + 256GB),14999,78,snapdragon 4 gen2,snapdragon,8,2.2,8,256,True,False,True,6.79,1080,2460,90,5000,True,18.0,2,1,50.0,8.0,android,True,hybrid,hybrid,False,395.7,2.28,Lower-Mid (10k-20k),9.61573881119536,5.2,"Standard (5.0""-7.0"")",False
nothing,Nothing Phone 2a,23899,83,mediatek dimensity 7200 pro,mediatek,8,2.8,8,128,True,True,False,6.7,1084,2412,120,5000,True,45.0,2,1,50.0,32.0,android,False,none,none,False,394.7,2.23,Mid-Range (20k-35k),10.08159189604006,3.47,"Standard (5.0""-7.0"")",True
realme,Realme C67 5G,10899,74,mediatek dimensity 6100 plus,mediatek,8,2.2,4,128,True,False,False,6.72,1080,2400,120,5000,True,33.0,2,1,50.0,8.0,android,True,dedicated,dedicated,False,391.6,2.22,Lower-Mid (10k-20k),9.296426320889312,6.79,"Standard (5.0""-7.0"")",True
oppo,OPPO Reno 12 5G,26930,82,mediatek dimensity 7300,mediatek,8,2.5,8,256,True,False,True,6.7,1080,2412,120,5000,True,80.0,3,1,50.0,32.0,android,True,hybrid,hybrid,False,394.4,2.23,Mid-Range (20k-35k),10.200996185805645,3.04,"Standard (5.0""-7.0"")",True
oppo,OPPO Reno 12 Pro 5G,31500,87,mediatek dimensity 7300 energy,mediatek,8,2.5,12,256,True,True,True,6.7,1080,2412,120,5000,True,80.0,3,1,50.0,50.0,android,True,hybrid,hybrid,False,394.4,2.23,Mid-Range (20k-35k),10.357742824813725,2.76,"Standard (5.0""-7.0"")",True
realme,Realme C65 5G,11499,71,mediatek dimensity 6300,mediatek,8,2.4,4,64,True,False,False,6.67,720,1604,120,5000,True,15.0,1,1,50.0,8.0,android,True,hybrid,hybrid,False,263.6,2.23,Lower-Mid (10k-20k),9.350015354048665,6.17,"Standard (5.0""-7.0"")",True
poco,Poco X6 Neo,15999,81,mediatek dimensity 6080,mediatek,8,2.4,8,128,True,False,True,6.67,1080,2400,120,5000,True,33.0,2,1,108.0,16.0,android,True,hybrid,hybrid,False,394.6,2.22,Lower-Mid (10k-20k),9.680281499268713,5.06,"Standard (5.0""-7.0"")",True
tecno,Tecno Phantom V Fold 2,89999,95,mediatek dimensity 9000 plus,mediatek,8,3.2,12,512,True,True,False,7.85,2000,2296,120,5750,True,70.0,3,2,50.0,32.0,android,False,none,none,False,387.9,1.15,Premium (>=60k),11.407553838139561,1.06,"Large/Foldable (>7.0"")",True
samsung,Samsung Galaxy A05s (4GB RAM + 128GB),14850,74,snapdragon 680,snapdragon,8,2.4,4,128,False,False,False,6.7,1080,2400,90,5000,True,25.0,3,1,50.0,13.0,android,True,dedicated,dedicated,False,392.8,2.22,Lower-Mid (10k-20k),9.605755144230846,4.98,"Standard (5.0""-7.0"")",False
google,Google Pixel 8 Pro (12GB RAM + 256 GB),79999,79,tensor g3,tensor,9,3.0,12,256,True,True,False,6.7,1344,2992,120,5050,True,30.0,3,1,50.0,10.5,android,False,none,none,False,489.6,2.23,Premium (>=60k),11.289769413577893,0.99,"Standard (5.0""-7.0"")",True
lava,Lava Blaze 2 5G (6GB RAM + 128GB),8799,74,mediatek dimensity 6020,mediatek,8,2.2,6,128,True,False,False,6.5,720,1600,90,5000,True,18.0,2,1,50.0,8.0,android,True,dedicated,dedicated,False,269.9,2.22,Budget (<10k),9.08239335764556,8.41,"Standard (5.0""-7.0"")",False
itel,itel A70 4G,9999,59,unisoc t603,unisoc,8,1.8,4,128,False,False,False,6.6,720,1612,120,5000,True,10.0,1,1,13.0,8.0,android,True,dedicated,dedicated,False,267.5,2.24,Budget (<10k),9.21024036697585,5.9,"Standard (5.0""-7.0"")",True
motorola,Motorola Moto Edge 50 Neo,22988,85,mediatek dimensity 7300,mediatek,8,2.5,8,256,True,True,False,6.4,1220,2712,120,4310,True,68.0,3,1,50.0,32.0,android,False,none,none,False,464.7,2.22,Mid-Range (20k-35k),10.042727619627632,3.7,"Standard (5.0""-7.0"")",True
realme,Realme C51 (4GB RAM + 128 GB),9499,69,unisoc t612,unisoc,8,1.8,4,128,False,False,False,6.74,720,1600,90,5000,True,33.0,2,1,50.0,5.0,android,True,dedicated,dedicated,False,260.3,2.22,Budget (<10k),9.158941808890182,7.26,"Standard (5.0""-7.0"")",False
xiaomi,Xiaomi Redmi 13C 5G,9999,73,mediatek dimensity 6100 plus,mediatek,8,2.2,4,128,True,False,False,6.74,720,1600,90,5000,True,18.0,1,1,50.0,5.0,android,True,dedicated,dedicated,False,260.3,2.22,Budget (<10k),9.21024036697585,7.3,"Standard (5.0""-7.0"")",False
oppo,Oppo A18 (4GB RAM + 128GB),10750,64,mediatek helio g85,mediatek,8,2.0,4,128,False,False,False,6.56,720,1612,90,5000,False,10.0,2,1,8.0,5.0,android,True,dedicated,dedicated,False,269.1,2.24,Lower-Mid (10k-20k),9.28266103355581,5.95,"Standard (5.0""-7.0"")",False
samsung,Samsung Galaxy S23 FE 5G (8GB RAM + 256GB),38998,82,exynos 2200,exynos,8,2.8,8,256,True,True,False,6.4,1080,2340,120,4500,True,25.0,3,1,50.0,10.0,android,False,none,none,False,402.7,2.17,Upper-Mid (35k-60k),10.571265641745532,2.1,"Standard (5.0""-7.0"")",True
google,Google Pixel 8 (8GB RAM + 256 GB),50999,76,tensor g3,tensor,9,3.0,8,256,True,True,False,6.2,1080,2400,120,4575,True,30.0,2,1,50.0,10.5,android,False,none,none,False,424.5,2.22,Upper-Mid (35k-60k),10.83956130367109,1.49,"Standard (5.0""-7.0"")",True
lava,Lava O1,6999,62,unisoc t606,unisoc,8,2.0,4,64,False,False,False,6.56,1600,720,90,5000,True,18.0,2,1,13.0,5.0,android,True,hybrid,hybrid,False,267.5,0.45,Budget (<10k),8.85352256068954,8.86,"Standard (5.0""-7.0"")",False
samsung,Samsung Galaxy S21 FE (Snapdragon + 8GB RAM + 128GB),45999,84,snapdragon 888,snapdragon,8,2.84,8,128,True,True,False,6.4,1080,2340,120,4500,True,25.0,3,1,12.0,32.0,android,False,none,none,False,402.7,2.17,Upper-Mid (35k-60k),10.736374936104498,1.83,"Standard (5.0""-7.0"")",True
xiaomi,Xiaomi Redmi 13C 4G,9294,72,mediatek helio g85,mediatek,8,2.0,4,128,False,False,False,6.74,720,1600,90,5000,True,18.0,3,1,50.0,8.0,android,True,dedicated,dedicated,False,260.3,2.22,Budget (<10k),9.137124309644923,7.75,"Standard (5.0""-7.0"")",False
oppo,OPPO A79 5G,18950,78,mediatek dimensity 6020,mediatek,8,2.2,8,128,True,False,False,6.72,1080,2400,90,5000,True,33.0,2,1,50.0,8.0,android,True,dedicated,dedicated,False,391.6,2.22,Lower-Mid (10k-20k),9.849559210510572,4.12,"Standard (5.0""-7.0"")",False
motorola,Motorola Edge 40 Neo (12GB RAM + 256GB),24999,83,mediatek dimensity 7030,mediatek,8,2.5,12,256,True,True,False,6.55,1080,2400,144,5000,True,68.0,2,1,50.0,32.0,android,False,none,none,False,401.8,2.22,Mid-Range (20k-35k),10.126591103050316,3.32,"Standard (5.0""-7.0"")",True
realme,Realme C53 (6GB RAM + 128GB),11990,75,unisoc t612,unisoc,8,1.82,6,128,False,False,False,6.74,1080,2400,90,5000,True,18.0,2,1,108.0,8.0,android,True,dedicated,dedicated,False,390.5,2.22,Lower-Mid (10k-20k),9.39182824802156,6.26,"Standard (5.0""-7.0"")",False
itel,itel P55 5G (6GB RAM + 128GB),8989,74,mediatek dimensity 6080,mediatek,8,2.4,6,128,True,False,False,6.6,1600,720,90,5000,True,18.0,1,1,50.0,8.0,android,True,dedicated,dedicated,False,265.8,0.45,Budget (<10k),9.103756886573398,8.23,"Standard (5.0""-7.0"")",False
poco,Poco M6 Pro 5G (4GB RAM + 128GB),10988,74,snapdragon 4 gen2,snapdragon,8,2.2,4,128,True,False,True,6.79,1080,2460,90,5000,True,18.0,2,1,50.0,8.0,android,True,hybrid,hybrid,False,395.7,2.28,Lower-Mid (10k-20k),9.304559047215164,6.73,"Standard (5.0""-7.0"")",False
lava,Lava Blaze Pro 5G,12998,77,mediatek dimensity 6020,mediatek,8,2.2,8,128,True,False,False,6.78,1080,2460,120,5000,True,33.0,1,1,50.0,8.0,android,True,dedicated,dedicated,False,396.3,2.28,Lower-Mid (10k-20k),9.472550778454295,5.92,"Standard (5.0""-7.0"")",True
apple,Apple iPhone 15 Plus (256GB),79900,83,apple a16,apple,6,3.46,6,256,True,True,False,6.7,1290,2796,60,4383,True,20.0,2,1,48.0,12.0,ios,False,none,none,False,459.6,2.17,Premium (>=60k),11.288531131754366,1.04,"Standard (5.0""-7.0"")",False
apple,Apple iPhone 15 Pro (512GB),164900,87,apple a17 pro,apple,6,3.78,8,512,True,True,False,6.1,1179,2556,120,3274,True,27.0,3,1,48.0,12.0,ios,False,none,none,False,461.4,2.17,Premium (>=60k),12.01309450854769,0.53,"Standard (5.0""-7.0"")",True
apple,Apple iPhone 15 (512GB),73999,82,apple a16,apple,6,3.46,6,512,True,True,False,6.1,1179,2556,60,3349,True,20.0,2,1,48.0,12.0,ios,False,none,none,False,461.4,2.17,Premium (>=60k),11.211806858581484,1.11,"Standard (5.0""-7.0"")",False
apple,Apple iPhone 15 (256GB),61990,82,apple a16,apple,6,3.46,6,256,True,True,False,6.1,1179,2556,60,3349,True,20.0,2,1,48.0,12.0,ios,False,none,none,False,461.4,2.17,Premium (>=60k),11.034728360695965,1.32,"Standard (5.0""-7.0"")",False
samsung,Samsung Galaxy A25 5G,18399,82,exynos 1280,exynos,8,2.4,8,128,True,True,False,6.5,1080,2340,120,5000,True,25.0,3,1,50.0,13.0,android,True,hybrid,hybrid,False,396.5,2.17,Lower-Mid (10k-20k),9.820051594294094,4.46,"Standard (5.0""-7.0"")",True
realme,Realme 12X,11999,74,mediatek dimensity 6100 plus,mediatek,8,2.2,4,128,True,False,False,6.72,1080,2400,120,5000,True,45.0,2,1,50.0,8.0,android,True,dedicated,dedicated,False,391.6,2.22,Lower-Mid (10k-20k),9.392578591964389,6.17,"Standard (5.0""-7.0"")",True
motorola,Motorola Moto G54 5G (12GB RAM +256GB),16999,83,mediatek dimensity 7020,mediatek,8,2.2,12,256,True,False,False,6.5,1080,2400,120,6000,True,33.0,2,1,50.0,16.0,android,True,hybrid,hybrid,False,404.9,2.22,Lower-Mid (10k-20k),9.74090979777877,4.88,"Standard (5.0""-7.0"")",True
poco,Poco C51 (6GB RAM + 128 GB),7890,69,mediatek helio g36,mediatek,8,2.2,6,128,False,False,False,6.52,720,1600,60,5000,True,10.0,2,1,8.0,5.0,android,True,dedicated,dedicated,False,269.1,2.22,Budget (<10k),8.97335141383992,8.75,"Standard (5.0""-7.0"")",False
realme,Realme Narzo 60X,11999,74,mediatek dimensity 6100 plus,mediatek,8,2.2,4,128,True,False,False,6.72,1080,2400,120,5000,True,33.0,2,1,50.0,8.0,android,True,dedicated,dedicated,False,391.6,2.22,Lower-Mid (10k-20k),9.392578591964389,6.17,"Standard (5.0""-7.0"")",True
apple,Apple iPhone 17 Pro,134900,82,apple a19 pro,apple,6,4.26,12,256,True,True,False,6.3,1206,2622,120,3988,True,27.0,3,1,48.0,18.0,ios,False,none,none,False,458.1,2.17,Premium (>=60k),11.812289042195847,0.61,"Standard (5.0""-7.0"")",True
apple,Apple iPhone 17,82900,79,apple a19,apple,6,4.26,8,256,True,True,False,6.3,1206,2622,120,3692,True,20.0,2,1,48.0,18.0,ios,False,none,none,False,458.1,2.17,Premium (>=60k),11.325390341123386,0.95,"Standard (5.0""-7.0"")",True
vivo,Vivo Y17s,10999,69,mediatek helio g85,mediatek,8,2.0,4,64,False,False,False,6.56,720,1612,60,5000,True,15.0,2,1,50.0,8.0,android,True,dedicated,dedicated,False,269.1,2.24,Lower-Mid (10k-20k),9.305559638557117,6.27,"Standard (5.0""-7.0"")",False
oppo,Oppo A18,10490,63,mediatek helio g85,mediatek,8,2.0,4,64,False,False,False,6.56,720,1612,90,5000,False,10.0,2,1,8.0,5.0,android,True,dedicated,dedicated,False,269.1,2.24,Lower-Mid (10k-20k),9.258177701390343,6.01,"Standard (5.0""-7.0"")",False
oppo,OPPO A38,10890,71,mediatek helio g85,mediatek,8,2.0,4,128,False,False,False,6.56,720,1612,90,5000,True,33.0,2,1,50.0,5.0,android,True,hybrid,hybrid,False,269.1,2.24,Lower-Mid (10k-20k),9.295600215927006,6.52,"Standard (5.0""-7.0"")",False
motorola,Motorola Moto G84 5G,18999,83,snapdragon 695,snapdragon,8,2.2,12,256,True,True,False,6.55,1080,2400,120,5000,True,30.0,2,1,50.0,16.0,android,True,hybrid,hybrid,False,401.8,2.22,Lower-Mid (10k-20k),9.85214162518454,4.37,"Standard (5.0""-7.0"")",True
motorola,Motorola Edge 40 Neo,19900,82,mediatek dimensity 7030,mediatek,8,2.5,8,128,True,True,False,6.55,1080,2400,144,5000,True,68.0,2,1,50.0,32.0,android,False,none,none,False,401.8,2.22,Lower-Mid (10k-20k),9.898475010712584,4.12,"Standard (5.0""-7.0"")",True
samsung,Samsung Galaxy F34 5G (8GB RAM + 128GB),21999,83,exynos 1280,exynos,8,2.4,8,128,True,True,False,6.5,1080,2340,120,6000,True,25.0,3,1,50.0,13.0,android,True,hybrid,hybrid,False,396.5,2.17,Mid-Range (20k-35k),9.998752276761909,3.77,"Standard (5.0""-7.0"")",True
realme,Realme 11x 5G,14999,75,mediatek dimensity 6100 plus,mediatek,8,2.2,6,128,True,False,False,6.72,1080,2400,120,5000,True,33.0,2,1,64.0,8.0,android,True,dedicated,dedicated,False,391.6,2.22,Lower-Mid (10k-20k),9.61573881119536,5.0,"Standard (5.0""-7.0"")",True
xiaomi,Xiaomi Redmi Note 12 Pro (12GB RAM + 256GB),26099,81,mediatek dimensity 1080,mediatek,8,2.6,12,256,True,False,True,6.67,1080,2400,120,5000,True,67.0,3,1,50.0,16.0,android,False,none,none,False,394.6,2.22,Mid-Range (20k-35k),10.169652278400532,3.1,"Standard (5.0""-7.0"")",True
motorola,Motorola Moto G54 5G,14999,82,mediatek dimensity 7020,mediatek,8,2.2,8,128,True,False,False,6.5,1080,2400,120,6000,True,33.0,2,1,50.0,16.0,android,True,hybrid,hybrid,False,404.9,2.22,Lower-Mid (10k-20k),9.61573881119536,5.47,"Standard (5.0""-7.0"")",True
xiaomi,Xiaomi Redmi 13 5G,11249,79,snapdragon 4 gen 2 ae,snapdragon,8,2.3,6,128,True,False,True,6.79,1080,2460,120,5030,True,33.0,1,1,108.0,13.0,android,True,hybrid,hybrid,False,395.7,2.28,Lower-Mid (10k-20k),9.328034514792826,7.02,"Standard (5.0""-7.0"")",True
xiaomi,Xiaomi Redmi 12 4G (6GB RAM + 128GB),9899,75,mediatek helio g88,mediatek,8,2.0,6,128,False,False,True,6.79,1080,2460,90,5000,True,18.0,3,1,50.0,8.0,android,True,hybrid,hybrid,False,395.7,2.28,Budget (<10k),9.200189020919808,7.58,"Standard (5.0""-7.0"")",False
xiaomi,Xiaomi Redmi 12 5G (6GB RAM + 128GB),12494,75,snapdragon 4 gen2,snapdragon,8,2.2,6,128,True,False,True,6.79,1080,2460,90,5000,True,18.0,2,1,50.0,8.0,android,True,hybrid,hybrid,False,395.7,2.28,Lower-Mid (10k-20k),9.433003808053515,6.0,"Standard (5.0""-7.0"")",False
xiaomi,Xiaomi Redmi 12 5G (8GB RAM + 256GB),14499,78,snapdragon 4 gen2,snapdragon,8,2.2,8,256,True,False,True,6.79,1080,2460,90,5000,True,18.0,2,1,50.0,8.0,android,True,hybrid,hybrid,False,395.7,2.28,Lower-Mid (10k-20k),9.581834960513193,5.38,"Standard (5.0""-7.0"")",False
poco,Poco C65,8999,72,mediatek helio g85,mediatek,8,2.0,4,128,False,False,False,6.74,720,1600,90,5000,True,18.0,2,1,50.0,8.0,android,True,dedicated,dedicated,False,260.3,2.22,Budget (<10k),9.104868739033948,8.0,"Standard (5.0""-7.0"")",False
samsung,Samsung Galaxy Z Flip 5 (8GB RAM + 512GB),61499,86,snapdragon 8 gen 2,snapdragon,8,3.2,8,512,True,True,False,6.7,1080,2640,120,3700,True,25.0,2,1,12.0,10.0,android,False,none,none,False,425.7,2.44,Premium (>=60k),11.02677619349981,1.4,"Standard (5.0""-7.0"")",True
samsung,Samsung Galaxy Z Fold 5 (12GB RAM + 512GB),91899,91,snapdragon 8 gen 2,snapdragon,8,3.36,12,512,True,True,False,7.6,1812,2176,120,4400,True,25.0,3,2,50.0,10.0,android,False,none,none,False,372.6,1.2,Premium (>=60k),11.428445426891757,0.99,"Large/Foldable (>7.0"")",True
poco,Poco M6 Pro 5G,10290,73,snapdragon 4 gen2,snapdragon,8,2.2,4,64,True,False,True,6.79,1080,2460,90,5000,True,18.0,2,1,50.0,8.0,android,True,hybrid,hybrid,False,395.7,2.28,Lower-Mid (10k-20k),9.238927828828094,7.09,"Standard (5.0""-7.0"")",False
oppo,OPPO A58 4G,12999,74,mediatek helio g85,mediatek,8,2.0,6,128,False,False,True,6.72,1080,2400,60,5000,True,33.0,2,1,50.0,8.0,android,True,dedicated,dedicated,False,391.6,2.22,Lower-Mid (10k-20k),9.47262771040802,5.69,"Standard (5.0""-7.0"")",False
samsung,Samsung Galaxy M34 5G (8GB RAM + 128GB),24999,82,exynos 1280,exynos,8,2.4,8,128,True,True,False,6.5,1080,2340,120,6000,True,25.0,3,1,50.0,13.0,android,True,hybrid,hybrid,False,396.5,2.17,Mid-Range (20k-35k),10.126591103050316,3.28,"Standard (5.0""-7.0"")",True
oneplus,OnePlus Nord 3 5G (16GB RAM + 256GB),27998,85,mediatek dimensity 9000,mediatek,8,3.05,16,256,True,True,True,6.74,1240,2772,120,5000,True,80.0,3,1,50.0,16.0,android,False,none,none,False,450.5,2.24,Mid-Range (20k-35k),10.23988835803477,3.04,"Standard (5.0""-7.0"")",True
samsung,Samsung Galaxy Z Flip 6 5G,68900,90,snapdragon 8 gen3,snapdragon,8,3.3,12,256,True,True,False,6.7,1080,2640,120,4000,True,25.0,2,1,50.0,10.0,android,False,none,none,False,425.7,2.44,Premium (>=60k),11.14041145700175,1.31,"Standard (5.0""-7.0"")",True
samsung,Samsung Galaxy Z Fold 6,109999,90,snapdragon 8 gen 3,snapdragon,8,3.39,12,256,True,True,False,7.6,1856,2160,120,4400,True,25.0,3,2,50.0,10.0,android,False,none,none,False,374.7,1.16,Premium (>=60k),11.60822655382414,0.82,"Large/Foldable (>7.0"")",True
vivo,Vivo Y27 4G,11994,74,mediatek helio g85,mediatek,8,2.0,6,128,False,False,False,6.64,1080,2388,90,5000,True,44.0,2,1,50.0,8.0,android,True,dedicated,dedicated,False,394.7,2.21,Lower-Mid (10k-20k),9.392161803728454,6.17,"Standard (5.0""-7.0"")",False
oppo,Oppo A78 4G,13999,79,snapdragon 680,snapdragon,8,2.4,8,128,False,True,False,6.43,1080,2400,90,5000,True,67.0,2,1,50.0,8.0,android,True,dedicated,dedicated,False,409.3,2.22,Lower-Mid (10k-20k),9.546741177474825,5.64,"Standard (5.0""-7.0"")",False
infinix,Infinix Note 30 5G (8GB RAM + 256GB),15999,85,mediatek dimensity 6080,mediatek,8,2.4,8,256,True,True,False,6.78,1080,2460,120,5000,True,45.0,2,1,108.0,16.0,android,True,dedicated,dedicated,False,396.3,2.28,Lower-Mid (10k-20k),9.680281499268713,5.31,"Standard (5.0""-7.0"")",True
realme,Realme 11 Pro (12GB RAM + 256GB),27999,83,mediatek dimensity 7050,mediatek,8,2.6,12,256,True,False,False,6.7,1080,2412,120,5000,True,67.0,2,1,100.0,16.0,android,False,none,none,False,394.4,2.23,Mid-Range (20k-35k),10.239924074233857,2.96,"Standard (5.0""-7.0"")",True
realme,Realme C51,8999,68,unisoc t612,unisoc,8,1.8,4,64,False,False,False,6.74,720,1600,90,5000,True,33.0,2,1,50.0,5.0,android,True,dedicated,dedicated,False,260.3,2.22,Budget (<10k),9.104868739033948,7.56,"Standard (5.0""-7.0"")",False
motorola,Motorola Razr 50,40999,88,mediatek dimensity 7300x,mediatek,8,2.5,8,256,True,True,False,6.9,1080,2640,120,4200,True,33.0,2,1,50.0,32.0,android,False,none,none,False,413.4,2.44,Upper-Mid (35k-60k),10.621302955145095,2.15,"Standard (5.0""-7.0"")",True
motorola,Motorola Razr 50 Ultra,55130,91,snapdragon 8s gen3,snapdragon,8,3.0,12,512,True,True,False,6.9,1080,2640,165,4000,True,45.0,2,1,50.0,32.0,android,False,none,none,False,413.4,2.44,Upper-Mid (35k-60k),10.917449311583729,1.65,"Standard (5.0""-7.0"")",True
tecno,Tecno Phantom V Flip,34999,86,mediatek dimensity 8050,mediatek,8,3.0,8,256,True,True,False,6.9,1080,2640,144,4000,True,45.0,2,1,64.0,32.0,android,False,none,none,False,413.4,2.44,Mid-Range (20k-35k),10.463074768634808,2.46,"Standard (5.0""-7.0"")",True
xiaomi,Xiaomi 15,69999,90,snapdragon 8 elite,snapdragon,8,4.32,12,512,True,True,True,6.36,1200,2670,120,5240,True,90.0,3,1,50.0,32.0,android,False,none,none,False,460.3,2.22,Premium (>=60k),11.156236235215168,1.29,"Standard (5.0""-7.0"")",True
motorola,Motorola Razr 40,44990,87,snapdragon 7 gen1,snapdragon,8,2.4,8,256,True,True,False,6.9,1080,2640,144,4200,True,30.0,2,1,64.0,32.0,android,False,none,none,False,413.4,2.44,Upper-Mid (35k-60k),10.714195521835219,1.93,"Standard (5.0""-7.0"")",True
infinix,Infinix Note 30 5G,14999,79,mediatek dimensity 6080,mediatek,8,2.4,4,128,True,True,False,6.78,1080,2460,120,5000,True,45.0,2,1,108.0,16.0,android,True,dedicated,dedicated,False,396.3,2.28,Lower-Mid (10k-20k),9.61573881119536,5.27,"Standard (5.0""-7.0"")",True
vivo,Vivo V29e,26999,83,snapdragon 695,snapdragon,8,2.2,8,128,True,True,False,6.78,1080,2400,120,5000,True,44.0,2,1,64.0,50.0,android,True,hybrid,hybrid,False,388.2,2.22,Mid-Range (20k-35k),10.203555107263542,3.07,"Standard (5.0""-7.0"")",True
samsung,Samsung Galaxy F34 5G,19999,81,exynos 1280,exynos,8,2.4,6,128,True,True,False,6.5,1080,2340,120,6000,True,25.0,3,1,50.0,13.0,android,True,hybrid,hybrid,False,396.5,2.17,Lower-Mid (10k-20k),9.903437551286085,4.05,"Standard (5.0""-7.0"")",True
oneplus,OnePlus 13,63999,91,snapdragon 8 elite,snapdragon,8,4.32,12,256,True,True,True,6.82,1440,3168,120,6000,True,100.0,3,1,50.0,32.0,android,False,none,none,False,510.3,2.2,Premium (>=60k),11.066622737219737,1.42,"Standard (5.0""-7.0"")",True
samsung,Samsung Galaxy S24 FE 5G,33885,84,exynos 2400e,exynos,10,3.11,8,128,True,True,False,6.7,1080,2340,120,4700,True,25.0,3,1,50.0,10.0,android,False,none,none,False,384.7,2.17,Mid-Range (20k-35k),10.430727717570214,2.48,"Standard (5.0""-7.0"")",True
google,Google Pixel 9A,43700,84,tensor g4,tensor,8,3.1,8,256,True,True,False,6.3,1080,2424,120,5100,True,23.0,2,1,48.0,13.0,android,False,none,none,False,421.2,2.24,Upper-Mid (35k-60k),10.685103381083682,1.92,"Standard (5.0""-7.0"")",True
iqoo,iQOO Neo 9 Pro 5G,34990,81,snapdragon 8 gen2,snapdragon,8,3.2,8,256,True,False,True,6.78,1260,2800,144,5160,True,120.0,2,1,50.0,16.0,android,False,none,none,False,452.9,2.22,Mid-Range (20k-35k),10.462817585361734,2.31,"Standard (5.0""-7.0"")",True
samsung,Samsung Galaxy A56 5G,38999,83,exynos 1580,exynos,8,2.9,8,128,True,True,False,6.7,1080,2340,120,5000,True,45.0,3,1,50.0,12.0,android,False,none,none,False,384.7,2.17,Upper-Mid (35k-60k),10.571291283757406,2.13,"Standard (5.0""-7.0"")",True
nothing,Nothing Phone 3 5G,47999,90,snapdragon 8s gen4,snapdragon,8,3.2,12,256,True,True,False,6.67,1260,2800,120,5500,True,65.0,3,1,50.0,50.0,android,False,none,none,False,460.3,2.22,Upper-Mid (35k-60k),10.778935456339678,1.88,"Standard (5.0""-7.0"")",True
samsung,Samsung Galaxy M56 5G,20980,79,exynos 1480,exynos,8,2.7,8,128,True,False,False,6.74,1080,2340,120,5000,True,45.0,3,1,50.0,12.0,android,False,none,none,False,382.4,2.17,Mid-Range (20k-35k),9.951324881950288,3.77,"Standard (5.0""-7.0"")",True
oneplus,OnePlus Nord CE 5 5G,24998,83,mediatek dimensity 8350 apex,mediatek,8,3.35,8,128,True,False,True,6.77,1080,2392,120,7100,True,80.0,2,1,50.0,16.0,android,True,hybrid,hybrid,False,387.7,2.21,Mid-Range (20k-35k),10.126551100650167,3.32,"Standard (5.0""-7.0"")",True
tecno,Tecno Camon 20 Pro 5G,14899,82,mediatek dimensity 8050,mediatek,8,3.0,8,128,True,False,False,6.67,1080,2400,120,5000,True,33.0,3,1,64.0,32.0,android,False,none,none,False,394.6,2.22,Lower-Mid (10k-20k),9.60904937558734,5.5,"Standard (5.0""-7.0"")",True
